id,track_name,track_artist_name,artist_genres,artist_popularity,track_album_release_date,track_duration_ms,track_explicit,track_popularity,track_danceability,track_energy,track_key,track_loudness,track_mode,track_speechiness,track_acousticness,track_instrumentalness,track_liveness,track_valence,track_tempo,track_name_subjectivity,track_name_polarity
6iF4RgIjDvDqyW13PezSj3,Single Soon,Selena Gomez,"['pop', 'post-teen pop']",82,1692921600.0,171655,0,77,0.61,0.571,2,-5.649,1,0.0782,0.00863,0.0,0.131,0.747,105.01,negative,low
0Nfh4u0J4bajcyp5pzaWCx,Used To Be Young,Miley Cyrus,['pop'],84,1692921600.0,191185,0,75,0.451,0.632,4,-3.843,1,0.0475,0.6,0.0,0.139,0.455,147.06,positive,medium
2IGMVunIBsBLtEQyoI1Mu7,Paint The Town Red,Doja Cat,"['dance pop', 'pop']",85,1691107200.0,231750,1,94,0.868,0.538,5,-8.603,1,0.174,0.269,3.34e-06,0.0901,0.732,99.968,negative,low
1vYXt7VSjH9JIM5oRRo7vA,Dance The Night (From Barbie The Album),Dua Lipa,"['dance pop', 'pop', 'uk pop']",86,1684972800.0,176579,0,97,0.671,0.845,11,-4.93,0,0.048,0.0207,0.0,0.329,0.775,110.056,negative,low
2i8f4VnnBjy0yDqH2C452a,bad idea right?,Olivia Rodrigo,['pop'],85,1691712000.0,184783,1,91,0.628,0.878,9,-3.468,1,0.0901,0.00196,1.23e-05,0.0649,0.796,129.976,negative,medium
7x9aauaA9cu6tyfpHnqDLo,Seven (feat. Latto) (Explicit Ver.),Jung Kook,['k-pop'],85,1689292800.0,184400,1,100,0.802,0.832,11,-4.107,1,0.0434,0.311,0.0,0.0815,0.89,124.997,negative,low
1BxfuPKGuaTgP7aM0Bbdwr,Cruel Summer,Taylor Swift,['pop'],100,1566518400.0,178426,0,99,0.552,0.702,9,-5.707,1,0.157,0.117,2.06e-05,0.105,0.564,169.994,negative,high
6wf7Yu7cxBSPrRlWeSeK0Q,"What Was I Made For? [From The Motion Picture ""Barbie""]",Billie Eilish,"['art pop', 'electropop', 'pop']",88,1689206400.0,222369,0,98,0.444,0.0911,0,-17.665,1,0.0307,0.959,1.05e-06,0.098,0.142,78.403,negative,low
23RoR84KodL5HWvUTneQ1w,(It Goes Like) Nanana - Edit,Peggy Gou,"['electra', 'float house']",74,1686787200.0,231545,0,94,0.671,0.876,7,-5.681,0,0.0352,0.12,0.188,0.0823,0.964,129.998,negative,low
741UUVE2kuITl0c6zuqqbO,Barbie World (with Aqua) [From Barbie The Album],Nicki Minaj,"['hip pop', 'pop', 'queens hip hop', 'rap']",86,1687478400.0,109750,1,95,0.77,0.58,0,-8.393,1,0.247,0.519,0.000127,0.233,0.753,144.072,negative,low
6WzRpISELf3YglGAh7TXcG,Popular (with Playboi Carti & Madonna) - Music from the HBO Original Series,The Weeknd,"['canadian contemporary r&b', 'canadian pop', 'pop']",94,1685664000.0,215466,1,93,0.855,0.678,1,-6.276,1,0.189,0.0569,3.69e-05,0.412,0.852,99.029,positive,high
5sdQOyqq2IDhvmx2lHOpwd,Super Shy,NewJeans,"['k-pop', 'k-pop girl group']",84,1688688000.0,154666,0,95,0.776,0.817,5,-6.018,0,0.0748,0.18,3.44e-05,0.146,0.515,149.921,negative,medium
7ABLbnD53cQK00mhcaOUVG,LALA,Myke Towers,"['reggaeton', 'trap latino', 'urbano latino']",87,1679529600.0,197920,1,99,0.708,0.737,1,-4.045,1,0.0436,0.0739,0.00162,0.0955,0.607,91.986,neutral,low
4rXLjWdF2ZZpXCVTfWcshS,fukumean,Gunna,"['atl hip hop', 'melodic rap', 'rap', 'trap']",84,1686873600.0,125040,1,96,0.847,0.622,1,-6.747,0,0.0903,0.119,0.0,0.285,0.22,130.001,neutral,low
3k79jB4aGmMDUQzEwa46Rz,vampire,Olivia Rodrigo,['pop'],85,1688083200.0,219724,1,97,0.511,0.532,5,-5.745,1,0.056,0.169,0.0,0.311,0.322,137.827,negative,low
5w40ZYhbBMAlHYNDaVJIUu,Chemical,Post Malone,"['dfw rap', 'melodic rap', 'pop', 'rap']",89,1681430400.0,184013,1,89,0.498,0.897,2,-4.907,1,0.045,0.00136,0.0,0.118,0.373,169.902,negative,low
1Qrg8KqiBpW07V7PNxwwwL,Kill Bill,SZA,"['pop', 'r&b', 'rap']",87,1670457600.0,153946,0,92,0.644,0.735,8,-5.747,1,0.0391,0.0521,0.144,0.161,0.418,88.98,neutral,low
4DHcnVTT87F0zZhRPYmZ3B,Flowers,Miley Cyrus,['pop'],84,1678406400.0,200600,0,94,0.707,0.681,0,-4.325,1,0.0668,0.0632,5.15e-06,0.0322,0.646,117.999,negative,high
0WtM2NBVQNNJLh6scP13H8,Calm Down (with Selena Gomez),Rema,"['afrobeats', 'nigerian pop']",77,1661385600.0,239317,0,92,0.801,0.806,11,-5.206,1,0.0381,0.382,0.000669,0.114,0.802,106.999,positive,medium
7ro0hRteUMfnOioTFI5TG1,WHERE SHE GOES,Bad Bunny,"['reggaeton', 'trap latino', 'urbano latino']",94,1684368000.0,231704,1,96,0.652,0.8,9,-4.019,0,0.0614,0.143,0.629,0.112,0.234,143.978,negative,medium
67nepsnrcZkowTxMWigSbb,MELTDOWN (feat. Drake),Travis Scott,"['hip hop', 'rap', 'slap house']",93,1690502400.0,246133,1,94,0.557,0.774,7,-5.275,0,0.351,0.012,0.0,0.396,0.397,111.975,neutral,low
1odExI7RdWc4BT515LTAwj,Daylight,David Kushner,['gen z singer-songwriter'],76,1681430400.0,212953,0,96,0.508,0.43,2,-9.475,0,0.0335,0.83,0.000441,0.093,0.324,130.09,negative,low
4LRPiXqCikLlN15c3yImP7,As It Was,Harry Styles,['pop'],85,1648684800.0,167303,0,91,0.52,0.731,6,-5.338,0,0.0557,0.342,0.00101,0.311,0.662,173.93,negative,low
2dHHgzDwk4BJdRwy9uXhTO,Creepin' (with The Weeknd & 21 Savage),Metro Boomin,"['hip hop', 'rap']",87,1669939200.0,221520,1,93,0.715,0.62,1,-6.005,0,0.0484,0.417,0.0,0.0822,0.172,97.95,neutral,low
6HgWWaMu31KdOpEG5l28BG,All My Life (feat. J. Cole),Lil Durk,"['chicago drill', 'chicago rap', 'drill', 'hip hop', 'pop rap', 'rap', 'trap']",82,1683849600.0,223878,1,88,0.829,0.436,3,-8.205,1,0.327,0.15,0.0,0.0954,0.693,143.031,negative,low
3XB5uhhlYSnkxpSihkNQwh,QLONA,KAROL G,"['reggaeton', 'reggaeton colombiano', 'trap latino', 'urbano latino']",89,1691712000.0,172797,1,87,0.842,0.756,7,-7.409,0,0.338,0.525,2.21e-06,0.0871,0.421,169.925,neutral,low
6AQbmUe0Qwf5PZnt4HmTXv,Boy's a Liar Pt. 2,PinkPantheress,['bedroom pop'],76,1675382400.0,131013,1,91,0.696,0.809,5,-8.254,1,0.05,0.252,0.000128,0.248,0.857,132.962,negative,low
26b3oVLrRUaaybJulow9kz,People,Libianca,['afrobeats'],72,1670284800.0,184791,0,91,0.573,0.422,10,-7.621,0,0.0678,0.551,1.31e-05,0.102,0.693,124.357,negative,low
2N0SPREDYqILVEFSsWF5N5,Love Me Again,V,"['j-division', 'korean ost']",78,1691712000.0,182293,0,94,0.633,0.607,0,-6.182,0,0.0532,0.183,1.38e-06,0.167,0.363,74.029,positive,medium
6XbtvPmIpyCbjuT0e8cQtp,Columbia,Quevedo,"['rap canario', 'trap latino', 'urbano latino']",85,1688688000.0,186000,0,97,0.668,0.712,5,-5.927,1,0.0381,0.369,2.13e-05,0.108,0.264,100.02,negative,low
73RbfOTJIjHzi2pcVHjeHM,What It Is (Solo Version),Doechii,['alternative r&b'],72,1679011200.0,189824,1,90,0.74,0.758,1,-5.851,0,0.0921,0.061,1.44e-06,0.0967,0.757,171.925,negative,low
5L3ecxQnQ9qTBmnLQiwf0C,K-POP,Travis Scott,"['hip hop', 'rap', 'slap house']",93,1689897600.0,185220,1,92,0.814,0.618,5,-5.614,0,0.0619,0.0386,3.34e-06,0.671,0.535,121.075,negative,low
3BKD1PwArikchz2Zrlp1qi,Baby Don't Hurt Me,David Guetta,"['big room', 'dance pop', 'edm', 'pop', 'pop dance']",86,1680739200.0,140017,0,92,0.602,0.91,7,-3.404,1,0.0308,0.00126,0.000174,0.12,0.228,127.944,negative,low
5VxmI3IdgAxWVvUnJoLuY2,Speed Drive (From Barbie The Album),Charli XCX,"['art pop', 'candy pop', 'metropopolis', 'pop', 'uk pop']",76,1687996800.0,117809,0,89,0.652,0.879,0,-6.405,1,0.0784,0.00284,0.0896,0.0918,0.789,173.925,negative,low
7FbrGaHYVDmfr7KoLIZnQ7,Cupid - Twin Ver.,FIFTY FIFTY,['k-pop girl group'],75,1677196800.0,174253,0,94,0.783,0.592,11,-8.332,0,0.0331,0.435,4.15e-06,0.347,0.726,120.018,negative,low
1Lo0QY9cvc8sUB2vnIOxDT,Fast Car,Luke Combs,"['contemporary country', 'country']",83,1679616000.0,265493,0,91,0.712,0.603,8,-5.52,1,0.0262,0.186,0.0,0.115,0.67,97.994,positive,medium
7oDd86yk8itslrA9HRP2ki,Die For You - Remix,The Weeknd,"['canadian contemporary r&b', 'canadian pop', 'pop']",94,1677196800.0,232857,0,88,0.531,0.525,1,-6.5,0,0.0671,0.232,0.0,0.441,0.502,66.9,negative,low
2i2gDpKKWjvnRTOZRhaPh2,Moonlight,Kali Uchis,['colombian pop'],83,1677196800.0,187557,0,89,0.639,0.723,7,-6.462,0,0.0532,0.511,0.0,0.167,0.878,136.872,negative,low
4iZ4pt7kvcaH6Yo8UoZ4s2,Snooze,SZA,"['pop', 'r&b', 'rap']",87,1670544000.0,201800,1,91,0.559,0.551,5,-7.231,1,0.132,0.141,0.0,0.11,0.392,143.008,neutral,low
2FDTHlrBguDzQkp7PVj16Q,Sprinter,Dave,['uk hip hop'],80,1685577600.0,229133,1,96,0.916,0.583,1,-8.067,1,0.241,0.186,0.0,0.0798,0.661,141.095,negative,low
7KokYm8cMIXCsGVmUvKtqf,Karma,Taylor Swift,['pop'],100,1666310400.0,204852,1,90,0.642,0.62,8,-7.091,1,0.0666,0.0734,0.0,0.483,0.0969,90.02,neutral,low
6dgUya35uo964z7GZXM07g,Nonsense,Sabrina Carpenter,['pop'],76,1657843200.0,163648,0,90,0.74,0.697,8,-4.912,1,0.034,0.0268,0.0,0.224,0.732,138.992,neutral,low
4uUG5RXrOk84mYEfFvj3cK,I'm Good (Blue),David Guetta,"['big room', 'dance pop', 'edm', 'pop', 'pop dance']",86,1661472000.0,175238,1,93,0.561,0.965,7,-3.673,0,0.0343,0.00383,7.07e-06,0.371,0.304,128.04,positive,low
3xIMkM5LgbVDkpO74O3Np3,Rush,Troye Sivan,"['australian pop', 'pop', 'viral pop']",75,1689206400.0,156391,1,90,0.742,0.839,5,-7.614,0,0.0618,0.00306,4.2e-05,0.106,0.346,126.03,negative,low
6GGtHZgBycCgGBUhZo81xe,Say Yes To Heaven,Lana Del Rey,"['art pop', 'pop']",89,1684454400.0,209156,0,90,0.49,0.352,6,-11.577,0,0.0254,0.709,0.0856,0.114,0.166,99.992,negative,low
1Ukxccao1BlWrPhYkcXbwZ,From The Start,Laufey,['gen z singer-songwriter'],76,1683763200.0,169573,0,89,0.664,0.405,1,-7.413,1,0.08,0.877,0.000765,0.11,0.743,81.89,negative,low
1Y3LN4zO1Edc2EluIoSPJN,Until I Found You (with Em Beihold) - Em Beihold Version,Stephen Sanchez,['gen z singer-songwriter'],74,1650585600.0,176440,0,91,0.551,0.55,10,-5.339,1,0.0286,0.777,0.0,0.202,0.342,101.19,negative,low
5eTaQYBE1yrActixMAeLcZ,Miracle (with Ellie Goulding),Calvin Harris,"['dance pop', 'edm', 'electro house', 'house', 'pop', 'progressive house', 'uk dance']",84,1678406400.0,186496,0,90,0.636,0.869,9,-5.289,1,0.0412,0.0378,0.0446,0.0808,0.306,143.011,negative,low
5LrN7yUQAzvthd4QujgPFr,Here With Me,d4vd,"['bedroom pop', 'bedroom r&b']",77,1685059200.0,242484,0,91,0.571,0.458,4,-9.283,1,0.0258,0.544,9.27e-05,0.123,0.299,132.025,negative,low
59uQI0PADDKeE6UZDTJEe8,Last Night,Morgan Wallen,['contemporary country'],87,1675123200.0,163854,1,89,0.517,0.675,6,-5.382,1,0.0357,0.459,0.0,0.151,0.518,203.853,negative,low
6vWu5uWlox5TVDPl3LvoG3,Under You,Foo Fighters,"['alternative metal', 'alternative rock', 'modern rock', 'permanent wave', 'post-grunge', 'rock']",76,1685664000.0,219400,0,68,0.263,0.977,9,-2.913,1,0.0857,5.16e-06,0.0,0.148,0.305,149.982,neutral,low
2YmJZWGcy0yONMCsEKOuVD,Overcome,Nothing But Thieves,"['alternative pop rock', 'modern alternative rock', 'modern rock']",68,1688083200.0,214723,0,71,0.413,0.876,11,-4.577,1,0.057,0.000938,0.000104,0.387,0.341,164.08,negative,medium
3XV77GNuIPYff6T7bzjYy9,Your Side of Town,The Killers,"['alternative rock', 'dance rock', 'modern rock', 'permanent wave', 'rock']",74,1692921600.0,187653,0,61,0.539,0.928,10,-1.9,0,0.0665,0.0284,3.3e-05,0.14,0.507,113.468,negative,low
7LJETXmpThAx6IvUzczYNR,Hold Me Like a Grudge,Fall Out Boy,"['emo', 'modern rock', 'pop', 'pop punk', 'rock']",78,1679616000.0,215601,0,68,0.646,0.798,4,-5.283,0,0.0767,0.000305,9.84e-05,0.0922,0.821,113.959,positive,low
1PYG9Akj0LAZZUDXzV9m1S,Stuck,Thirty Seconds To Mars,"['modern rock', 'post-grunge']",67,1683504000.0,182746,0,73,0.62,0.782,4,-5.326,0,0.058,0.0409,2.01e-06,0.259,0.551,123.117,negative,low
5NRtdsFFlmyE8qDMgS08PE,Running Out Of Time,Paramore,"['candy pop', 'pixie', 'pop', 'pop emo', 'pop punk', 'rock']",77,1675987200.0,192440,0,71,0.736,0.534,11,-9.22,0,0.0367,0.0433,0.00434,0.0664,0.552,127.035,neutral,low
5BgnL6gHauuvxe4Ok6W1aC,LosT,Bring Me The Horizon,"['melodic metalcore', 'metalcore', 'modern rock', 'pop punk', 'rock', 'uk metalcore']",76,1683158400.0,205368,1,78,0.396,0.939,9,-3.155,0,0.227,0.000285,0.0,0.212,0.39,185.081,negative,low
4amltxLIfFmtYEvZbdgDqO,Emergency Contact,Pierce The Veil,"['pop punk', 'screamo']",71,1675987200.0,240000,1,69,0.537,0.82,3,-4.214,1,0.0345,0.000429,0.0,0.716,0.414,113.032,neutral,low
2KReCz1L5XkGIBhDncQ5VZ,BABY SAID,Måneskin,"['indie rock italiano', 'italian pop', 'pop']",77,1674172800.0,164682,0,81,0.622,0.715,6,-4.04,0,0.0323,0.000982,0.0,0.0796,0.607,131.012,neutral,low
6s3MpvQ1ulwrTuRhBgv0Eu,Psycho,Asking Alexandria,"['alternative metal', 'melodic metalcore', 'metalcore', 'pop punk', 'post-grunge', 'trancecore', 'uk metalcore']",64,1686873600.0,236953,1,66,0.58,0.939,7,-5.489,0,0.0643,0.000963,1.55e-05,0.384,0.338,125.012,negative,low
0uuxAXS1X7kH0WjC0nD6q9,By The Time You're Reading This,YONAKA,"['brighton indie', 'modern alternative rock']",52,1690502400.0,190611,1,59,0.522,0.909,0,-3.203,1,0.085,0.00789,0.0,0.0893,0.726,139.02,positive,high
1H4Y9uW4N0LsxJUz0VnaPJ,Just Pretend,Bad Omens,['american metalcore'],70,1645747200.0,204676,0,81,0.457,0.834,5,-4.674,0,0.0817,0.00252,0.00125,0.1,0.201,140.032,negative,high
7505qe0xzCuDPaILCURnOC,Portrait of a Blank Slate,Lovejoy,"['pixel', 'pov: indie']",67,1683849600.0,227546,0,73,0.6,0.863,8,-5.564,0,0.131,0.0203,0.000719,0.0864,0.744,159.951,negative,low
0QligzLNiKkIKW1Ea2MFHt,A Little Bit Happy,TALK,['singer-songwriter pop'],58,1686873600.0,195278,0,71,0.593,0.714,7,-2.965,1,0.0299,0.348,0.0,0.151,0.347,111.924,positive,medium
6jXwOrrBoutMICNxckeDNQ,Meeting The Master,Greta Van Fleet,"['modern blues rock', 'modern hard rock', 'rock']",67,1689897600.0,312084,0,65,0.209,0.661,6,-3.939,1,0.0356,0.115,0.00809,0.119,0.0975,149.339,neutral,low
4zx4H3Q0ASymmPgbfUmeRo,Paper Machete,Queens of the Stone Age,"['alternative metal', 'alternative rock', 'grunge', 'modern rock', 'nu metal', 'palm desert scene', 'rock', 'stoner metal', 'stoner rock']",70,1686873600.0,202776,0,68,0.439,0.919,1,-4.561,0,0.0649,0.00389,0.437,0.12,0.55,132.301,positive,medium
2TNyNqT3RBXhtNV7OiAgiC,The Narcissist,Blur,"['alternative rock', 'britpop', 'madchester', 'permanent wave', 'rock']",70,1689897600.0,245225,0,64,0.563,0.908,1,-5.318,0,0.034,0.0363,3.14e-05,0.571,0.524,127.969,neutral,low
4LltjSEOq80cOSFeIM6LOz,Never Ending Moment,Des Rocs,"['modern alternative rock', 'rebel blues']",54,1682380800.0,257946,0,58,0.533,0.928,0,-3.831,1,0.0362,0.00312,0.000522,0.254,0.332,132.007,negative,low
2BtFhZlm9Sz5FAiYIjChUl,Irish Goodbye (feat. Vic Fuentes of Pierce The Veil),K.Flay,"['escape room', 'hip pop', 'modern alternative rock']",63,1692230400.0,182706,1,62,0.488,0.771,7,-5.757,1,0.107,0.0114,0.0,0.0973,0.605,154.967,negative,low
2kDApipZtTzjwGfKujcg2z,Lowlife,YUNGBLUD,"['british indie rock', 'modern rock', 'pov: indie', 'rock']",67,1686096000.0,233626,1,70,0.631,0.884,2,-2.892,1,0.1,0.0632,0.0,0.325,0.878,92.507,negative,low
72zjYe2aysOkIR7l6KQIhR,Calm Down,All Time Low,"['modern rock', 'neon pop punk', 'pop punk']",67,1679011200.0,194227,1,62,0.547,0.684,9,-4.88,1,0.0303,0.0192,0.0,0.111,0.276,90.034,positive,medium
6JfISacOvddHFsPkE8bE3Z,beautiful waste,Beauty School Dropout,['dark r&b'],48,1690934400.0,149416,0,56,0.503,0.86,6,-6.114,0,0.0468,0.000552,4.44e-06,0.125,0.549,90.063,positive,medium
1ZngTOTM9nWJZOnG3vWkUF,GODDESS,PVRIS,"['pixie', 'pop emo', 'pop punk']",61,1689292800.0,152133,1,60,0.706,0.847,9,-4.671,1,0.0809,0.0143,0.00326,0.059,0.841,120.03,neutral,low
0oigSejhoNen2EdNAIFcm5,Hollywood Baby,100 gecs,"['bubblegum bass', 'hyperpop', 'proto-hyperpop']",59,1679011200.0,187693,1,67,0.354,0.931,10,0.706,1,0.0769,0.0586,0.0,0.298,0.564,77.135,neutral,low
1byxxkw33SsLEYNRKdmaOQ,6 Pack and Cigarettes,ALEXSUCKS,[],39,1686268800.0,174641,1,53,0.56,0.739,9,-5.667,1,0.0535,0.00342,0.0894,0.306,0.625,166.99,neutral,low
71MVjTIeOQzPkEmfgL3uNc,MARRY KILL F*CK//,KennyHoopla,['pop punk'],53,1688688000.0,168975,1,61,0.485,0.819,11,-3.856,1,0.0473,0.000292,1.67e-06,0.0508,0.515,97.926,negative,low
1C1PabZfidunDI3xEj0D0H,Get Happy,Matt Maeson,['pov: indie'],61,1687996800.0,228533,0,60,0.416,0.867,9,-6.184,1,0.116,0.139,2.47e-06,0.0838,0.351,168.029,positive,high
16Wp9vdeUWQSESvgYFhksa,Might Love Myself,Beartooth,"['melodic metalcore', 'metalcore', 'pop punk']",61,1689897600.0,219973,0,67,0.459,0.86,1,-5.002,0,0.0814,0.0108,2.47e-06,0.328,0.729,150.027,positive,medium
3GpoRL1PBnTerVSaVG5tGW,Take Me With You,Neck Deep,"['pop punk', 'uk pop punk']",64,1691539200.0,197320,1,64,0.391,0.929,11,-3.183,1,0.0847,6.28e-05,0.0017,0.402,0.836,186.083,negative,low
5XYoKiujAKGiHwnU2G0P7C,Giving Up,The Used,"['alternative metal', 'neon pop punk', 'pop emo', 'post-grunge', 'post-hardcore', 'screamo']",61,1684454400.0,190222,0,54,0.503,0.904,0,-4.948,0,0.154,0.052,0.00103,0.304,0.277,163.007,neutral,low
3l6RgZRKf4FfSc2FJlesEL,Pull Me Through,Royal Blood,"['brighton indie', 'garage rock', 'modern alternative rock', 'modern blues rock', 'modern hard rock', 'modern rock', 'rock']",62,1689206400.0,188708,0,64,0.452,0.934,5,-5.034,0,0.0935,0.128,0.309,0.0946,0.299,132.398,negative,low
1TJmuC4kMe1ewZdybH159I,Bogus Operandi,The Hives,"['alternative rock', 'garage rock', 'garage rock revival', 'modern rock', 'rock', 'swedish garage rock', 'swedish hard rock', 'swedish indie rock']",61,1682985600.0,223785,1,62,0.354,0.994,11,-1.58,0,0.182,0.0228,3.28e-05,0.318,0.0986,144.978,negative,low
2uqCJn5VFTf3sZEDJZvvX0,MORE,The Warning,"['mexican metal', 'monterrey indie']",52,1683849600.0,187699,0,60,0.642,0.718,1,-5.029,1,0.0436,0.00245,2.74e-05,0.0551,0.883,115.01,positive,medium
36h5JAbSei6u5AcZJji05T,Blood In The Water,Ayron Jones,['seattle indie'],43,1679011200.0,217582,0,56,0.256,0.651,11,-6.814,0,0.0378,0.00038,7.36e-06,0.11,0.0763,77.89,negative,low
4k6NV1b3icM8BRCkT57oPV,Another Celebration at the End of the World,Mammoth WVH,[],51,1679443200.0,275827,0,58,0.428,0.953,2,-5.687,1,0.233,1.66e-05,0.778,0.154,0.385,190.16,negative,low
6KiqAya4ntBbCLyH7Rf2Sk,blame,The Maine,"['neon pop punk', 'pop emo', 'pop punk', 'tempe indie']",58,1690848000.0,190392,0,56,0.649,0.908,11,-5.028,0,0.037,0.0339,3.04e-05,0.137,0.667,104.011,neutral,low
2N9j5SNc6cQMYpUeyXYlBV,ALL CAPS (feat. John the Ghost),Weathers,['pov: indie'],54,1677110400.0,184910,1,56,0.542,0.843,7,-5.826,1,0.0607,0.0108,0.0,0.0956,0.65,169.036,negative,low
09DR0sHnQUhHOiSNttc1mv,Not Strong Enough,boygenius,['indie pop'],68,1680220800.0,234933,0,78,0.508,0.797,1,-5.854,1,0.0411,0.00261,7.56e-06,0.0916,0.361,126.982,negative,medium
5UrwXORPNlSUuR0SemqM3O,Not Joking,The Front Bottoms,"['asbury park indie', 'emo', 'new jersey indie', 'pov: indie']",61,1691107200.0,198226,0,58,0.424,0.917,7,-3.695,1,0.0836,0.0795,0.00333,0.247,0.308,128.189,neutral,low
621bFmNYKldPwZQExIK3VU,History Books (feat. Bruce Springsteen),The Gaslight Anthem,"['heartland rock', 'new jersey hardcore', 'new jersey indie', 'new jersey punk']",53,1689897600.0,233320,0,60,0.466,0.865,2,-5.044,1,0.0423,0.0103,0.00474,0.102,0.617,149.904,negative,low
3p84R45PM75ngq8XRoe45o,Nothing Matters,The Last Dinner Party,[],47,1681862400.0,181750,1,66,0.587,0.798,2,-5.109,1,0.037,0.0329,0.000134,0.184,0.6,101.161,negative,low
71Ohbh25hv8SzzZCfq8i4B,New York,The Kills,"['alternative dance', 'dance-punk', 'garage rock', 'garage rock revival', 'indie rock', 'indietronica', 'modern blues rock', 'modern rock', 'new rave']",49,1690243200.0,244444,0,57,0.563,0.652,9,-6.978,0,0.128,0.0839,1.54e-06,0.445,0.67,80.88,positive,medium
1ugQO8HhKXJ2kXaKJ6bznA,Lose You (feat. Soccer Mommy),Bully,"['bubblegrunge', 'indie punk']",43,1685664000.0,175386,0,55,0.376,0.83,9,-6.561,1,0.0826,0.0445,0.00783,0.0679,0.324,168.051,positive,high
4SWtsP55DukeFexQmcai28,Very High,Militarie Gun,"['5th wave emo', 'california hardcore', 'modern melodic hardcore']",43,1687478400.0,114872,0,53,0.539,0.922,0,-3.821,1,0.0434,9.94e-05,0.0,0.669,0.439,110.963,positive,high
7vys2uYSgV5eN1QvdBw6iz,hot girls in hell,LØLØ,"['alt z', 'canadian pop']",49,1689897600.0,170494,1,54,0.391,0.748,0,-4.639,1,0.0896,0.0766,0.0,0.128,0.348,117.973,positive,medium
1pJk9Ai1GNT0HPWdRpgbBx,Caffeine,Jack Kays,['cincinnati rap'],54,1687478400.0,184615,0,66,0.604,0.794,10,-6.72,0,0.0672,0.0131,0.000574,0.383,0.785,155.95,negative,low
5IiyHmNFsTx6PLI2diNH98,Big Blind,The Story So Far,"['alternative emo', 'emo', 'pop punk']",58,1691020800.0,144986,0,66,0.333,0.975,8,-3.712,1,0.146,3.11e-05,0.00567,0.386,0.381,169.923,negative,medium
0xfMFT9G8Ekk7CEYtVabIm,Told You So,The Band CAMINO,"['hopebeat', 'pov: indie']",63,1676937600.0,171322,0,58,0.462,0.979,1,-4.255,0,0.0664,0.000899,8.3e-06,0.33,0.542,173.957,negative,low
7JmnFOR3DUiRTkEybOlDqh,The One,Taking Back Sunday,"['emo', 'pop punk', 'screamo']",60,1688083200.0,197781,0,56,0.585,0.74,0,-4.313,0,0.0441,0.00358,1.52e-05,0.155,0.331,134.07,negative,low
7uUCmwEwG2OAo1Q9rXis7E,Still There,PÆRISH,"['french emo', 'modern alternative rock', 'rock alternatif francais']",41,1689897600.0,189579,0,56,0.396,0.878,5,-2.244,1,0.0452,2.72e-05,0.0141,0.0494,0.488,93.019,negative,low
6fNCrsrdIcgVd2aZZ0nnz4,Según Quién,Maluma,"['latin pop', 'reggaeton', 'reggaeton colombiano', 'trap latino', 'urbano latino']",82,1692230400.0,142334,1,76,0.909,0.762,9,-3.974,1,0.0643,0.434,0.0,0.0856,0.843,101.987,negative,low
1oZqJaE23GEn4SOFQcnTPB,La Tierra del Corrido - Spotify Singles,Fuerza Regida,"['corrido', 'corridos tumbados', 'sad sierreno', 'sierreno']",84,1692662400.0,211472,1,74,0.694,0.815,8,-6.415,1,0.0358,0.626,6.55e-06,0.121,0.943,157.869,negative,low
4mGrWfDISjNjgeQnH1B8IE,Primera Cita,Carin Leon,"['corrido', 'musica mexicana', 'sad sierreno', 'sierreno']",83,1681948800.0,186455,0,89,0.544,0.396,10,-7.804,1,0.0637,0.607,6.17e-05,0.0969,0.502,157.939,negative,low
7mLPSkAJraASgNk6ywyTkp,MI EX TENÍA RAZÓN,KAROL G,"['reggaeton', 'reggaeton colombiano', 'trap latino', 'urbano latino']",89,1691712000.0,154374,0,87,0.634,0.725,0,-4.88,0,0.0577,0.0754,0.0,0.208,0.845,159.898,neutral,low
6irysuQyZWd7Bjj7ePiOs2,Holanda,Jhayco,"['reggaeton', 'trap latino', 'urbano latino']",82,1690502400.0,231693,1,89,0.831,0.759,1,-3.627,0,0.0502,0.277,0.0,0.125,0.244,107.961,negative,low
1LFXWfARjkBkc9Abofmgp8,FERXXO 151,Feid,"['colombian pop', 'pop reggaeton', 'reggaeton colombiano', 'trap latino', 'urbano latino']",89,1692921600.0,195653,0,70,0.76,0.931,0,-4.557,1,0.138,0.158,1.71e-06,0.373,0.545,113.047,negative,low
609E1JCInJncactoMmkDon,BESO,ROSALÍA,"['pop', 'r&b en espanol']",81,1679616000.0,194543,0,93,0.768,0.644,5,-6.671,0,0.136,0.736,0.000837,0.173,0.53,95.05,negative,low
2UW7JaomAMuX9pZrjVpHAU,La Bebe - Remix,Yng Lvcas,['reggaeton'],75,1679011200.0,234352,1,96,0.812,0.479,2,-5.678,0,0.333,0.213,1.21e-06,0.0756,0.559,169.922,negative,low
7yci6r0cjX0Np5AshDZOsR,DE LUNES A LUNES,Manuel Turizo,"['colombian pop', 'reggaeton', 'reggaeton colombiano', 'trap latino', 'urbano latino']",82,1692835200.0,188411,0,65,0.574,0.801,0,-3.728,1,0.0393,0.58,0.0,0.496,0.77,132.538,negative,low
4zzyCocu8LZVqctOGSfVKz,VENTE CONMIGO,Feid,"['colombian pop', 'pop reggaeton', 'reggaeton colombiano', 'trap latino', 'urbano latino']",89,1691107200.0,186000,0,83,0.868,0.788,4,-3.424,0,0.121,0.00503,6.88e-05,0.0609,0.711,116.034,negative,low
7bPp2NmpmyhLJ7zWazAXMu,TULUM,Peso Pluma,"['corridos tumbados', 'sad sierreno']",92,1687996800.0,209415,1,93,0.557,0.866,6,-4.454,1,0.0503,0.394,0.0,0.11,0.631,167.767,neutral,low
2hn2zOA2XFlv6DSmesylrL,QUEMA,Ryan Castro,"['reggaeton', 'trap colombiano', 'trap latino', 'urbano latino']",77,1689206400.0,150618,1,88,0.791,0.892,0,-2.58,1,0.0521,0.0509,0.000355,0.0609,0.916,97.008,negative,low
2SOvWt6igzXViIjIiWNWEP,BABY HELLO,Rauw Alejandro,"['puerto rican pop', 'reggaeton', 'trap latino', 'urbano latino']",87,1687478400.0,222461,1,88,0.773,0.892,1,-3.732,0,0.0483,0.166,3.1e-06,0.429,0.842,130.007,negative,low
6XSqqQIy7Lm7SnwxS4NrGx,Classy 101,Feid,"['colombian pop', 'pop reggaeton', 'reggaeton colombiano', 'trap latino', 'urbano latino']",89,1680220800.0,195986,1,95,0.859,0.658,11,-4.79,1,0.159,0.145,0.0,0.12,0.672,100.065,positive,high
2VOXLA9TzOAVCjDi7RY5DV,Pacto (feat. Bryant Myers & Dei V) - Remix,Jay Wheeler,"['reggaeton', 'trap latino', 'urbano latino']",75,1690502400.0,346000,1,84,0.503,0.549,1,-7.748,0,0.314,0.486,0.0,0.118,0.627,85.701,negative,low
435g6uM0Atz3MyYwafHEss,EL AMOR DE SU VIDA,Grupo Frontera,['musica chihuahuense'],85,1691020800.0,165848,0,87,0.616,0.834,9,-3.069,1,0.0664,0.06,0.0,0.338,0.746,151.701,neutral,low
4eMKD8MRroxCqugpsxCCNb,MOJABI GHOST,Tainy,"['pop reggaeton', 'reggaeton', 'trap latino', 'urbano latino']",81,1687996800.0,232131,1,92,0.805,0.707,6,-3.758,0,0.0353,0.142,3.71e-05,0.563,0.744,122.014,neutral,low
7EpOXgSRgnglRWr86pZfGU,S91,KAROL G,"['reggaeton', 'reggaeton colombiano', 'trap latino', 'urbano latino']",89,1689292800.0,173005,0,88,0.856,0.719,0,-4.923,0,0.194,0.587,2.89e-05,0.09,0.417,128.161,negative,low
4PzxlHzDM3bDafkHjg1XCX,Muñekita (with El Alfa & JT),Kali Uchis,['colombian pop'],83,1691107200.0,219642,1,82,0.673,0.82,0,-3.473,1,0.222,0.077,0.000615,0.297,0.524,111.955,negative,low
4PA1wK0leCjmRZlP5dQ8Lv,El Cielo,Sky Rompiendo,['urbano latino'],71,1685664000.0,191320,1,91,0.715,0.642,10,-7.492,0,0.0515,0.0687,0.0,0.0997,0.169,105.964,negative,low
3oNnzH6hmqIGIhJ1NcHlrh,CORAZÓN VACÍO,Maria Becerra,['pop argentino'],81,1687392000.0,160535,0,89,0.681,0.792,1,-4.795,1,0.0587,0.334,2.05e-06,0.295,0.4,98.09,negative,low
6Rpbzk2LC8xWZI93RyodAq,Hey Mor,Ozuna,"['puerto rican pop', 'reggaeton', 'trap latino', 'urbano latino']",85,1665014400.0,196600,0,81,0.901,0.589,1,-6.713,0,0.289,0.00302,0.000237,0.0992,0.399,98.002,negative,low
1UMm1Qs3u59Wvk53zBUE8r,SABOR FRESA,Fuerza Regida,"['corrido', 'corridos tumbados', 'sad sierreno', 'sierreno']",84,1687392000.0,156500,1,92,0.785,0.863,7,-4.599,0,0.0893,0.0883,0.0,0.0929,0.962,130.132,negative,low
6pD0ufEQq0xdHSsRbg9LBK,un x100to,Grupo Frontera,['musica chihuahuense'],85,1681689600.0,194563,0,94,0.569,0.724,6,-4.076,0,0.0474,0.228,0.0,0.27,0.562,83.118,negative,low
3dnP0JxCgygwQH9Gm7q7nb,Ella Baila Sola,Eslabon Armado,"['corrido', 'corridos tumbados', 'sad sierreno', 'sierreno']",80,1678924800.0,165671,0,93,0.668,0.758,5,-5.176,0,0.0332,0.483,1.89e-05,0.0837,0.834,147.989,negative,low
7mXuWTczZNxG5EDcjFEuJR,LADY GAGA,Peso Pluma,"['corridos tumbados', 'sad sierreno']",92,1687996800.0,212878,1,94,0.646,0.736,5,-7.118,0,0.0449,0.216,0.0,0.415,0.873,140.098,neutral,low
1Hs1uUl8o2VtDp1DABFq0O,Los del Espacio,LIT killah,"['argentine hip hop', 'trap argentino', 'trap latino', 'trap triste', 'urbano latino']",75,1685577600.0,338000,0,92,0.813,0.682,0,-3.598,1,0.0402,0.107,0.0,0.108,0.634,120.011,negative,low
0If7xxzqs7Dv1SSO2MFKXF,Podemos Repetirlo,Don Omar,"['latin hip hop', 'puerto rican pop', 'reggaeton', 'trap latino', 'urbano latino']",80,1684972800.0,211707,0,78,0.858,0.691,7,-6.805,0,0.111,0.0289,0.0,0.0811,0.792,167.915,negative,low
0J9g1MMJDhyvOb3NWckHMm,Chulo pt.2,Bad Gyal,"['neoperreo', 'rap catala', 'rap latina', 'trap catala', 'urbano espanol']",73,1687392000.0,219333,1,90,0.852,0.881,5,-2.546,0,0.126,0.0602,6.44e-06,0.0682,0.556,96.984,negative,medium
05OnZaYopHpb0z7ktT2FIF,PICARDÍA,Rauw Alejandro,"['puerto rican pop', 'reggaeton', 'trap latino', 'urbano latino']",87,1688688000.0,215172,1,85,0.617,0.655,2,-3.616,1,0.17,0.0934,6.17e-06,0.487,0.626,173.891,neutral,low
4t46soaqA758rbukTO5pp1,Mi Bello Angel,Natanael Cano,"['corrido', 'corridos tumbados', 'musica mexicana', 'sad sierreno', 'sierreno']",84,1688083200.0,188666,1,70,0.807,0.665,9,-6.961,0,0.0497,0.0185,0.0,0.118,0.864,127.909,neutral,low
6k5wiT5l9DK8iZmhvEvoqo,Corazón Roto - Remix,Brray,"['reggaeton', 'reggaeton flow', 'trap latino', 'urbano latino']",73,1680825600.0,275040,1,87,0.843,0.794,1,-4.686,0,0.0426,0.226,1.22e-06,0.25,0.796,92.998,negative,low
1MB8kTH7VKvAMfL9SHgJmG,VAGABUNDO,Sebastian Yatra,"['colombian pop', 'latin pop', 'reggaeton', 'reggaeton colombiano', 'urbano latino']",79,1683849600.0,215600,0,90,0.817,0.851,11,-3.309,0,0.0627,0.0351,0.0,0.232,0.886,127.019,negative,low
6UR1k5NGqgNGzgVmMtT768,Cabaña,El Jordan 23,"['mambo chileno', 'urbano chileno']",70,1687564800.0,178836,1,86,0.73,0.751,11,-5.51,1,0.0511,0.121,0.0,0.0849,0.68,98.001,negative,low
3kmWIej9tXjSWWYc9tPjJk,COCO LOCO,Maluma,"['latin pop', 'reggaeton', 'reggaeton colombiano', 'trap latino', 'urbano latino']",82,1686182400.0,166734,0,87,0.783,0.868,7,-2.961,0,0.0591,0.19,0.0,0.165,0.727,109.977,negative,low
5NhLA2P7AiV3cloVmwtwLS,PASIEMPRE,Tainy,"['pop reggaeton', 'reggaeton', 'trap latino', 'urbano latino']",81,1687996800.0,355795,1,84,0.654,0.811,0,-4.18,1,0.106,0.0401,0.0,0.424,0.432,163.303,neutral,low
33vrRiIiut4rOFmkgorJD6,Aquí Te Espero,Ivan Cornejo,['sad sierreno'],73,1690416000.0,255373,0,81,0.54,0.307,10,-10.663,0,0.0243,0.573,5.72e-06,0.0992,0.249,92.886,negative,low
505v13epFXodT9fVAJ6h8k,AMARGURA,KAROL G,"['reggaeton', 'reggaeton colombiano', 'trap latino', 'urbano latino']",89,1677196800.0,170480,1,91,0.92,0.696,6,-3.356,0,0.0742,0.183,0.0,0.149,0.545,106.966,neutral,low
7CSmXJNeArnwDfUmtP4Gve,8 AM,Nicki Nicole,"['argentine hip hop', 'r&b argentino', 'trap argentino', 'trap latino', 'urbano latino']",78,1684281600.0,147603,1,76,0.678,0.44,11,-7.57,0,0.281,0.301,1.78e-06,0.113,0.314,94.033,negative,low
4xU4XeklG562EnanWzpY3A,wiggy,Young Miko,"['trap latino', 'urbano latino']",81,1689897600.0,146559,1,86,0.835,0.786,1,-5.292,0,0.293,0.0446,0.0,0.0774,0.714,92.831,positive,low
368eeEO3Y2uZUQ6S5oIjcu,TQM,Fuerza Regida,"['corrido', 'corridos tumbados', 'sad sierreno', 'sierreno']",84,1684454400.0,158965,1,92,0.786,0.853,5,-4.955,0,0.0589,0.273,0.0,0.106,0.963,125.107,negative,low
51FvjPEGKq2zByeeEQ43V9,El Merengue,Marshmello,"['brostep', 'edm', 'pop', 'progressive electro house']",81,1677801600.0,189668,0,91,0.775,0.677,8,-4.703,0,0.0442,0.0313,0.00517,0.112,0.698,124.011,negative,low
0PB0O24JqAuNdOAFVJljMS,Coco Chanel,Eladio Carrion,"['trap boricua', 'trap latino', 'trap triste', 'urbano latino']",82,1679011200.0,208125,1,90,0.683,0.764,2,-5.995,1,0.0441,0.0427,0.0,0.0963,0.137,149.949,neutral,low
0qCPD6ilr9nXkI4KVZgcns,Abcdario,Eden Muñoz,"['corrido', 'sierreno']",75,1683936000.0,220650,0,87,0.703,0.429,8,-9.076,1,0.0308,0.783,1.48e-06,0.113,0.416,129.034,negative,low
2iIBpwP4FyQ95xgVail3yr,No_se_ve.mp3,Emilia,['pop argentino'],77,1683072000.0,203636,1,88,0.752,0.666,11,-5.185,0,0.0672,0.0971,1.62e-05,0.149,0.545,131.986,negative,low
4KULAymBBJcPRpk1yO4dOG,I Remember Everything (feat. Kacey Musgraves),Zach Bryan,"['classic oklahoma country', 'modern country pop']",84,1692921600.0,227195,0,74,0.429,0.453,0,-7.746,1,0.0459,0.554,2e-06,0.102,0.155,77.639,neutral,low
78Du4CMFgnhdlG33gblkiP,Rich Men North of Richmond,Oliver Anthony Music,[],70,1691712000.0,187244,0,87,0.678,0.264,10,-12.384,1,0.0622,0.753,0.0,0.302,0.528,121.722,positive,medium
4pCbJC43j3gSqG6Fen6upD,Hey Driver (feat. The War and Treaty),Zach Bryan,"['classic oklahoma country', 'modern country pop']",84,1692921600.0,227466,0,73,0.583,0.351,0,-5.836,1,0.0306,0.494,0.0,0.368,0.462,79.014,neutral,low
0HEytGQM3bG1vKxER7IgVK,Spotless (feat. The Lumineers),Zach Bryan,"['classic oklahoma country', 'modern country pop']",84,1692921600.0,169467,1,72,0.604,0.444,0,-7.695,1,0.0698,0.409,0.0,0.0837,0.169,72.129,neutral,low
00syWkRGIVQvYsg2OwfBUw,East Side of Sorrow,Zach Bryan,"['classic oklahoma country', 'modern country pop']",84,1692921600.0,209320,1,73,0.408,0.607,10,-7.463,1,0.0391,0.236,8.02e-05,0.0972,0.169,144.136,neutral,low
7K3BhSpAxZBznislvUMVtn,Last Night,Morgan Wallen,['contemporary country'],87,1677801600.0,163854,1,88,0.492,0.675,6,-5.456,1,0.0389,0.467,0.0,0.142,0.478,203.759,neutral,low
41WQUSINanQHfhfKpFDsms,Used To Be Young,Miley Cyrus,['pop'],84,1692316800.0,191185,0,71,0.451,0.632,4,-3.843,1,0.0475,0.6,0.0,0.139,0.455,147.06,negative,medium
3EvZ03hGAFwGZ2Ebcu86YH,Tourniquet,Zach Bryan,"['classic oklahoma country', 'modern country pop']",84,1692921600.0,189053,1,71,0.593,0.397,6,-8.309,1,0.0329,0.684,7.44e-06,0.0982,0.32,76.703,neutral,low
5pIVEk6Di7n1v5khOzJaJL,Overtime,Zach Bryan,"['classic oklahoma country', 'modern country pop']",84,1692921600.0,190946,1,74,0.377,0.72,4,-7.086,1,0.0364,0.0217,0.00919,0.138,0.26,142.212,neutral,low
0GMiRrUnQuoGddKMsxGPIZ,Fear and Friday's,Zach Bryan,"['classic oklahoma country', 'modern country pop']",84,1692921600.0,171426,0,72,0.523,0.636,7,-5.813,1,0.0582,0.0541,2.63e-06,0.0716,0.155,128.785,neutral,low
7eOuUmpnHBlg5zsm8Cs7c3,Summertime's Close,Zach Bryan,"['classic oklahoma country', 'modern country pop']",84,1692921600.0,186186,0,73,0.469,0.208,0,-9.022,1,0.0448,0.607,1.72e-06,0.127,0.215,81.098,neutral,low
1HwDRgozGBMyfJTQUfz09A,Ticking,Zach Bryan,"['classic oklahoma country', 'modern country pop']",84,1692921600.0,242200,0,72,0.494,0.328,6,-8.553,1,0.034,0.718,2.91e-06,0.0744,0.206,121.834,neutral,low
3itgPtXSu4I9mr2QD6yrzP,Holy Roller (feat. Sierra Ferrell),Zach Bryan,"['classic oklahoma country', 'modern country pop']",84,1692921600.0,216026,1,71,0.415,0.404,4,-9.331,1,0.0393,0.678,1.95e-05,0.28,0.425,81.202,neutral,low
7C1BLYzAvR0KdBpov3GpUZ,El Dorado,Zach Bryan,"['classic oklahoma country', 'modern country pop']",84,1692921600.0,182855,0,71,0.351,0.593,3,-5.549,1,0.0267,0.678,5.54e-05,0.117,0.358,92.263,neutral,low
67aaFVnfvFWjxVQMd0jDb5,Smaller Acts,Zach Bryan,"['classic oklahoma country', 'modern country pop']",84,1692921600.0,187270,1,70,0.595,0.41,0,-5.079,1,0.0257,0.776,4.27e-06,0.224,0.141,83.308,neutral,medium
2pUYbyOIOSfDfsnCR3KceZ,Jake's Piano - Long Island,Zach Bryan,"['classic oklahoma country', 'modern country pop']",84,1692921600.0,319195,0,71,0.435,0.401,0,-7.885,1,0.0434,0.782,0.000676,0.113,0.0911,84.001,negative,medium
44IXD2J5yyr7PpOZzz2cmQ,Fear and Friday's (Poem),Zach Bryan,"['classic oklahoma country', 'modern country pop']",84,1692921600.0,107266,0,72,0.6,0.41,1,-10.788,0,0.395,0.841,0.0,0.433,0.312,104.337,neutral,low
6Otmq7JokHh38wKSqUimcS,Tradesman,Zach Bryan,"['classic oklahoma country', 'modern country pop']",84,1692921600.0,187729,0,71,0.533,0.389,0,-8.428,1,0.051,0.85,0.0012,0.104,0.164,76.77,neutral,low
4ueTr01dkL360w1knfh21C,Oklahoman Son,Zach Bryan,"['classic oklahoma country', 'modern country pop']",84,1692921600.0,249452,0,70,0.635,0.114,4,-12.176,1,0.0522,0.819,6.35e-06,0.0797,0.0998,72.401,neutral,low
3WMj8moIAXJhHsyLaqIIHI,Something in the Orange,Zach Bryan,"['classic oklahoma country', 'modern country pop']",84,1650585600.0,228013,0,89,0.369,0.192,4,-12.151,0,0.04,0.555,8.35e-06,0.0954,0.148,175.212,negative,low
6wsqVwoiVH2kde4k4KKAFU,I KNOW ?,Travis Scott,"['hip hop', 'rap', 'slap house']",93,1690502400.0,211582,1,93,0.927,0.619,5,-4.441,0,0.0539,0.0186,0.0,0.104,0.817,117.995,neutral,low
3qQbCzHBycnDpGskqOWY0E,Ella Baila Sola,Eslabon Armado,"['corrido', 'corridos tumbados', 'sad sierreno', 'sierreno']",80,1682640000.0,165671,0,89,0.668,0.758,5,-5.176,0,0.0332,0.483,1.89e-05,0.0837,0.834,147.989,neutral,low
5W4kiM2cUYBJXKRudNyxjW,You Proof,Morgan Wallen,['contemporary country'],87,1677801600.0,157477,0,86,0.732,0.839,9,-5.007,1,0.0345,0.265,0.0,0.602,0.629,119.724,neutral,low
7KA4W4McWYRpgf0fWsJZWB,See You Again (feat. Kali Uchis),"Tyler, The Creator","['hip hop', 'rap']",83,1500595200.0,180386,1,93,0.558,0.559,6,-9.222,1,0.0959,0.371,7.49e-06,0.109,0.62,78.558,neutral,low
4QctbZRsuWYPT0pbKg7u75,un x100to,Grupo Frontera,['musica chihuahuense'],85,1691020800.0,194563,0,82,0.571,0.72,9,-4.089,1,0.0458,0.213,0.0,0.271,0.542,83.827,neutral,low
3cBsEDNhFI9E82vPj3kvi3,Wasted On You,Morgan Wallen,['contemporary country'],87,1610064000.0,178520,0,87,0.505,0.657,11,-5.24,0,0.0318,0.373,0.00107,0.126,0.252,196.0,negative,low
0bILU0UiNDmA5Ff6whhb2R,Religiously,Bailey Zimmerman,['modern country pop'],73,1683849600.0,178723,0,86,0.57,0.67,1,-6.519,1,0.0274,0.426,0.0,0.108,0.593,140.924,neutral,low
1i9lZvlaDdWDPyXEE95aiq,TELEKINESIS (feat. SZA & Future),Travis Scott,"['hip hop', 'rap', 'slap house']",93,1690502400.0,353754,1,92,0.458,0.535,5,-4.854,0,0.0281,0.575,0.0,0.168,0.216,82.826,neutral,low
68Dni7IE4VyPkTOH9mRWHr,No Role Modelz,J. Cole,"['conscious hip hop', 'hip hop', 'north carolina hip hop', 'rap']",84,1418083200.0,292799,1,90,0.69,0.521,10,-8.492,0,0.339,0.324,0.0,0.0534,0.494,100.028,neutral,low
42VsgItocQwOQC3XWZ8JNA,FE!N (feat. Playboi Carti),Travis Scott,"['hip hop', 'rap', 'slap house']",93,1690502400.0,191700,1,94,0.569,0.882,3,-2.777,0,0.06,0.0316,0.0,0.142,0.201,148.038,neutral,low
0V3wPSX9ygBnCm8psDIegu,Anti-Hero,Taylor Swift,['pop'],100,1666310400.0,200690,0,93,0.637,0.643,4,-6.571,1,0.0519,0.13,1.8e-06,0.142,0.533,97.008,neutral,low
4Dvkj6JhhA12EX05fT7y2e,As It Was,Harry Styles,['pop'],85,1653004800.0,167303,0,91,0.52,0.731,6,-5.338,0,0.0557,0.342,0.00101,0.311,0.662,173.93,neutral,low
4lIxdJw6W3Fg4vUIYCB0S5,Style,Taylor Swift,['pop'],100,1414368000.0,231000,0,83,0.598,0.786,2,-5.572,1,0.0383,0.00253,0.0016,0.117,0.456,95.019,neutral,low
25OeKzcqakFPaJlXHPE5lm,Primera Cita,Carin Leon,"['corrido', 'musica mexicana', 'sad sierreno', 'sierreno']",83,1684454400.0,186455,0,84,0.535,0.395,10,-7.805,1,0.0634,0.597,6.78e-05,0.0969,0.488,157.795,neutral,low
5XeFesFbtLpXzIVDNQP22n,I Wanna Be Yours,Arctic Monkeys,"['garage rock', 'modern rock', 'permanent wave', 'rock', 'sheffield indie']",84,1378684800.0,183956,0,94,0.464,0.417,0,-9.345,0,0.0256,0.136,0.022,0.0974,0.479,67.528,neutral,low
1p80LdxRV74UKvL8gnD7ky,Blank Space,Taylor Swift,['pop'],100,1414368000.0,231826,0,83,0.753,0.678,5,-5.421,1,0.0644,0.085,1.64e-06,0.13,0.583,96.006,neutral,low
3hUxzQpSfdDqwM3ZTFQY0K,august,Taylor Swift,['pop'],100,1595548800.0,261922,0,92,0.532,0.623,5,-9.208,1,0.0331,0.538,7.28e-05,0.0925,0.403,89.937,neutral,low
3Ua0m0YmEjrMi9XErKcNiR,Like Crazy,Jimin,['k-pop'],82,1679616000.0,212241,0,94,0.629,0.733,7,-5.445,1,0.0419,0.0025,0.0,0.357,0.362,120.001,negative,medium
1s7oOCT8vauUh01PbJD6ps,Calm Down (with Selena Gomez),Rema,"['afrobeats', 'nigerian pop']",77,1682553600.0,239317,0,82,0.799,0.802,11,-5.196,1,0.0371,0.429,0.00128,0.171,0.811,107.008,positive,medium
5PUXKVVVQ74C3gl5vKy9Li,Heeriye (feat. Arijit Singh),Jasleen Royal,"['filmi', 'indian singer-songwriter', 'modern bollywood']",68,1690243200.0,194857,0,85,0.728,0.494,6,-9.628,0,0.0256,0.516,0.00384,0.0759,0.558,105.007,negative,low
7MXVkk9YMctZqd1Srtv4MB,Starboy,The Weeknd,"['canadian contemporary r&b', 'canadian pop', 'pop']",94,1480032000.0,230453,1,92,0.679,0.587,7,-7.015,1,0.276,0.141,6.35e-06,0.137,0.486,186.003,neutral,low
2LBqCSwhJGcFQeTHMVGwy3,Die For You,The Weeknd,"['canadian contemporary r&b', 'canadian pop', 'pop']",94,1479945600.0,260253,0,90,0.586,0.525,1,-7.163,0,0.0615,0.111,0.0,0.134,0.508,133.629,neutral,low
6AF00PUvxgVktZBMs7Apd4,I Want to go Home,Oliver Anthony Music,[],70,1680480000.0,170971,0,70,0.692,0.0436,8,-13.093,1,0.0717,0.943,0.0,0.114,0.197,104.891,negative,low
43MifzVnh8W3jJN0xqU9jR,Wasted Summers,juju<3,[],57,1689120000.0,130384,0,79,0.633,0.643,0,-8.122,1,0.0252,0.106,0.00831,0.78,0.472,103.842,negative,low
2USW8uFqLToqFKSVXDOEN8,Aint Gotta Dollar,Oliver Anthony Music,[],70,1663718400.0,124608,0,76,0.703,0.0859,10,-15.608,1,0.0364,0.825,2.91e-06,0.0754,0.343,110.028,negative,low
5cI23aJ66Gw2a4N8l4dGYw,Coal,Dylan Gossett,[],55,1690416000.0,194604,0,76,0.566,0.184,1,-11.508,0,0.0381,0.764,0.0,0.14,0.418,97.1,negative,low
7p9fBwLcoG5zdAukb2xgSr,Doggonit - Original recording,Oliver Anthony Music,[],70,1680825600.0,234417,0,70,0.544,0.205,9,-10.459,1,0.0621,0.877,0.0,0.169,0.355,102.129,positive,medium
4kRLRWnn5u9wO2wOKAAdEN,Automotivo Bibi Fogosa,Bibi Babydoll,[],67,1684454400.0,129776,1,89,0.726,0.873,9,-3.122,1,0.0266,0.2,1.71e-06,0.0953,0.725,135.052,negative,low
2bFabpKKu22phRjaQPkYV8,homebdy,DĖMI,[],53,1689292800.0,141762,0,74,0.75,0.441,3,-6.945,0,0.0982,0.0874,0.0,0.155,0.708,121.882,negative,low
1uUqPjsPhymf3TkWfbrMzR,Yalancı Bahar - Nostalgia Sessions,Selin,[],57,1685923200.0,172010,0,73,0.363,0.435,5,-13.529,0,0.0315,0.43,0.0,0.451,0.587,78.097,negative,low
684yJVwS41anCimZla5jk9,The Automotivo Infernal 1.0 - Purple,MRL,[],53,1689724800.0,114593,1,70,0.765,0.913,9,-1.957,1,0.209,0.0441,0.000471,0.208,0.615,140.008,negative,low
38RLObegC9ggpKPRVQDc1g,AMERICAN HORROR SHOW,SNOW WIFE,[],54,1687478400.0,149391,1,76,0.63,0.763,2,-4.89,1,0.0892,0.0393,0.0,0.7,0.295,162.152,negative,low
19kHhX6f6EfLU7rcO3RqjO,Back On 74,Jungle,"['indie soul', 'indietronica', 'uk contemporary r&b']",69,1691712000.0,209482,0,69,0.62,0.761,10,-7.282,0,0.175,0.207,0.000147,0.269,0.194,146.003,neutral,low
3B9CL5t32mM2SDdps2IhYM,Guli Mata,Saad Lamjarred,"['arab pop', 'moroccan pop', 'rif', 'shaabi']",61,1689120000.0,235574,0,77,0.589,0.749,8,-6.115,0,0.066,0.501,2.45e-06,0.343,0.604,151.522,negative,low
3d6BjQ0QOLTzuKoOQbeGgG,Satu-Satu,Idgitaf,['indonesian pop'],60,1690502400.0,285071,0,62,0.378,0.517,4,-5.584,1,0.0639,0.652,0.0,0.0898,0.512,199.811,neutral,low
2ZWmmrWUgDBcPSLihBMvhg,"Baddadan (feat. IRAH, Flowdan, Trigga & Takura)",Chase & Status,"['dancefloor dnb', 'drum and bass', 'uk dance']",66,1690416000.0,177291,0,78,0.62,0.935,1,-0.504,1,0.252,0.228,0.00443,0.0601,0.559,87.532,negative,low
6XsFgTG4dY768oIB4Dmeu0,Jiwa Yang Bersedih,Ghea Indrawari,['indonesian pop'],67,1684368000.0,278219,0,88,0.363,0.391,2,-8.429,1,0.0281,0.805,1.34e-06,0.115,0.451,97.377,negative,low
0T9uzv2TqgzU2F3z54vWX7,Confess To You,LIM KIM,[],51,1687651200.0,187853,0,72,0.542,0.721,3,-5.097,1,0.146,0.345,0.0,0.127,0.341,99.962,positive,medium
1m5GbHeEUhvCgpuVb1q4Z4,Rao Sahab Drill,Vkey,[],14,1685404800.0,211200,0,35,0.807,0.788,3,-4.218,0,0.315,0.434,0.0,0.109,0.899,150.119,negative,low
0NaUT74rJ0NHS62fewzatU,I LOVE YOU HOE (w/ 9lives),Odetari,['sigilkore'],78,1689120000.0,126600,0,84,0.477,0.565,1,-8.3,1,0.0334,0.000195,0.0011,0.193,0.0399,151.928,positive,medium
4VnDmjYCZkyeqeb0NIKqdA,Can You Hear The Music,Ludwig Göransson,"['nordic soundtrack', 'orchestral soundtrack', 'soundtrack']",70,1689897600.0,110160,0,82,0.19,0.435,4,-12.456,0,0.0334,0.233,0.938,0.1,0.0643,138.515,positive,high
7jPdqwZug0ovtDZsY5uK4T,I’m Just Ken (From Barbie The Album),Ryan Gosling,['hollywood'],68,1689897600.0,222633,0,81,0.352,0.628,1,-6.259,1,0.0428,0.0264,4.74e-05,0.0952,0.387,140.431,negative,low
0R6lC6F082eap1AJd8W54d,Nahuhulog,Jed Baruelo,[],53,1652400000.0,227298,0,75,0.601,0.381,4,-12.75,0,0.0531,0.864,0.00269,0.334,0.354,124.979,negative,low
7AOJcugo17Kr1WUheSI6Oq,Mädchen auf dem Pferd,Luca-Dante Spadafora,[],65,1683849600.0,157058,0,83,0.837,0.944,0,-6.516,1,0.352,0.108,8.46e-05,0.107,0.681,169.975,negative,low
6usohdchdzW9oML7VC4Uhk,Lose Control,Teddy Swims,[],66,1687478400.0,210688,0,78,0.561,0.604,9,-4.409,1,0.0337,0.199,1.9e-05,0.104,0.242,159.92,negative,low
6NbXYfMZULpf1sGxp8Qx0P,Çok Yazık,Çağan Şengül,"['huzunlu sarkilar', 'turkce slow sarkilar']",61,1665100800.0,218709,0,78,0.356,0.459,3,-6.686,0,0.0342,0.385,3.02e-06,0.128,0.143,124.1,neutral,low
5sPKAEb7afrIMtdqEnI6H6,Young Girl A,Siinamota,['vocaloid'],58,1425427200.0,221500,0,79,0.629,0.804,2,-5.987,1,0.103,0.0169,0.000497,0.177,0.294,130.006,positive,medium
4XSIv5hJzP6kEQqsLli1eE,Kisame,rhodessa,[],58,1675987200.0,212608,0,79,0.578,0.305,0,-9.798,0,0.0258,0.954,0.0578,0.23,0.197,99.914,negative,low
5qolX8ncpZ8R6TfKbvTzbA,Downers At Dusk,Talha Anjum,"['desi hip hop', 'hindi hip hop', 'pakistani hip hop', 'urdu hip hop']",65,1676678400.0,256000,1,74,0.856,0.447,9,-7.86,1,0.102,0.744,0.0,0.108,0.391,120.069,neutral,medium
6c4Po8zyQjB4cR5XgLhcGb,9:45,Prabh Singh,[],60,1678406400.0,117606,0,82,0.796,0.455,1,-7.763,0,0.0997,0.637,3.59e-06,0.156,0.352,99.958,negative,low
4kcgrgZhd4h8chSAJ86mIq,EWIGKEIT - REMIX,erobé,[],57,1687478400.0,137647,0,77,0.715,0.845,6,-4.183,1,0.137,0.0272,0.000709,0.21,0.647,170.028,negative,low
1acVBP8BcK6LTeNeFjfxnh,seasons,wave to earth,"['bedroom r&b', 'korean city pop']",71,1596499200.0,256000,0,84,0.333,0.275,7,-10.638,1,0.0272,0.78,0.0587,0.218,0.16,59.157,negative,low
2AcCBpYHVbeV2IUU4iHP2Y,Tutun Sen Bana,Yüzyüzeyken Konuşuruz,"['turkish alternative rock', 'turkish rock']",64,1688688000.0,163021,0,72,0.549,0.502,6,-8.674,0,0.0385,0.586,1.57e-05,0.0953,0.746,160.009,neutral,low
0645eBDehHcqfiF15hscQV,"Janiye (from the Netflix Film ""Chor Nikal Ke Bhaga"")",Vishal Mishra,"['desi pop', 'filmi', 'modern bollywood']",72,1679011200.0,223390,0,83,0.578,0.444,8,-11.447,0,0.0644,0.44,0.0,0.146,0.36,76.032,negative,low
4D1k6x4MXTaSnljSvAXhaf,GMFU (w/ 6arelyhuman),Odetari,['sigilkore'],78,1690329600.0,127741,1,86,0.735,0.778,11,-3.23,1,0.0487,0.00105,0.025,0.0923,0.278,126.091,negative,low
006oGnrSZevqZTimsD2oh4,Diva Yorgun,Melike Şahin,"['turkish alt pop', 'turkish pop', 'turkish singer-songwriter']",66,1686873600.0,259703,0,80,0.616,0.882,5,-6.568,1,0.0894,0.329,1.76e-06,0.191,0.639,134.046,negative,low
5RHIevCuoIZcY1AlnJ01fN,Bittersweet Goodbye,Issey Cross,[],59,1688083200.0,166778,0,72,0.458,0.91,9,-2.286,1,0.123,0.0144,5.05e-06,0.0416,0.313,173.955,negative,low
3tYxhPqkioZEV5el3DJxLQ,Youngest Daughter,Superheaven,"['dreamo', 'post-grunge', 'spacegrunge']",60,1365120000.0,249514,0,78,0.492,0.762,8,-6.813,1,0.0388,0.000551,0.125,0.366,0.413,129.682,neutral,low
1A7qPfbcyRVEdcZiwTFhZI,Memory Reboot,VØJ,"['gym phonk', 'traprun']",63,1673568000.0,209416,0,80,0.469,0.894,8,-6.341,1,0.0428,0.00024,0.000194,0.125,0.456,81.377,negative,low
61DuXKQqvXkxcrAIiNLIgR,Saan?,Maki,[],53,1680220800.0,206500,0,74,0.596,0.785,4,-4.282,0,0.0363,0.186,0.0,0.165,0.695,120.022,negative,low
5DgY6Ab0vpyUMKnY9ubFOF,Hukum - Thalaivar Alappara,Anirudh Ravichander,"['desi hip hop', 'filmi', 'tamil hip hop']",83,1690502400.0,207647,0,78,0.723,0.892,2,-5.758,1,0.164,0.102,0.0,0.146,0.533,101.996,positive,high
4rH2IQ3tNg5clDOnzut7RV,Müphem,Mabel Matiz,['turkish pop'],70,1689897600.0,315975,0,75,0.498,0.536,10,-8.377,0,0.0325,0.631,0.0,0.367,0.318,101.221,neutral,low
4sTY5k1xidkZWbtvVZrft3,Udh Di Phiran,Sunanda Sharma,['punjabi pop'],58,1690761600.0,221538,0,73,0.695,0.61,1,-6.78,0,0.0994,0.746,0.00176,0.067,0.575,156.009,negative,low
1olWQ1LOUYs4VBwx5N8Lz9,In Your Love,Tyler Childers,"['kentucky indie', 'kentucky roots', 'outlaw country']",77,1690416000.0,225826,0,82,0.534,0.409,7,-9.559,1,0.0378,0.844,0.000656,0.115,0.243,127.357,positive,medium
3QAU2pj4LUKf7yaTgANlQV,ITALODISCO,The Kolors,"['italian adult pop', 'italian pop']",64,1683244800.0,199512,0,85,0.885,0.579,11,-5.14,0,0.0596,0.00318,0.0,0.0708,0.817,123.038,negative,low
3jFtRQn3m73Tpzry0zT7aN,90 some Chevy,Oliver Anthony Music,[],70,1681689600.0,174892,0,66,0.704,0.101,1,-14.048,0,0.0882,0.895,0.0,0.236,0.55,116.301,negative,low
29BKcbb239PTW5SOF8MKtw,Always love you (like a good ole dog),Oliver Anthony Music,[],70,1680739200.0,243078,0,61,0.684,0.101,10,-11.776,1,0.0787,0.919,3.73e-06,0.269,0.278,119.204,positive,medium
69deJvtc3As5msMX7NojOu,Feeling Purdy Good,Oliver Anthony Music,[],70,1680220800.0,156235,0,66,0.695,0.0681,6,-14.958,1,0.0801,0.58,0.0,0.11,0.477,113.332,positive,medium
2DcCkjQPNR9XCspy4A6rNt,Rich Mans Gold,Oliver Anthony Music,[],70,1669161600.0,136440,0,65,0.64,0.199,1,-11.675,1,0.0653,0.897,0.000156,0.141,0.391,104.206,positive,medium
16fnXtA8Uo7AV1bpQTfJws,Between You & Me,Oliver Anthony Music,[],70,1680220800.0,102260,0,66,0.743,0.0884,2,-14.167,1,0.0871,0.864,2.07e-06,0.126,0.417,113.492,negative,low
1BHse4ulQefGTZZIeziZqr,Good Lookin',Dixon Dallas,[],56,1687910400.0,166839,1,73,0.756,0.555,7,-6.528,1,0.0286,0.196,0.0,0.174,0.543,106.968,positive,medium
2mIm1qg6fERruq0pHb3B15,Stuck Living in the New World,Oliver Anthony Music,[],70,1681084800.0,146634,0,62,0.639,0.171,9,-12.39,1,0.0679,0.665,1.52e-06,0.0813,0.487,142.105,positive,medium
4bD0ZrIzTaGLGZzYUbZOjz,Cobwebs and Cocaine,Oliver Anthony Music,[],70,1669161600.0,157709,0,62,0.601,0.117,2,-12.188,1,0.0806,0.882,0.0,0.0999,0.306,99.771,negative,low
3lyrNUQ61WtUKqIVLReTjj,Virginia,Oliver Anthony Music,[],70,1669161600.0,170202,0,61,0.701,0.101,1,-13.279,1,0.0701,0.947,3.89e-06,0.162,0.4,112.996,negative,low
3GBAjiD69p9oKmlf1BGGz7,Long Gone,Oliver Anthony Music,[],70,1686182400.0,142186,0,64,0.748,0.176,4,-11.1,1,0.0514,0.799,0.0,0.201,0.426,95.397,negative,medium
3FZFTF27zwcpOHYHTTdxUD,Hell on Earth,Oliver Anthony Music,[],70,1673827200.0,183143,0,60,0.657,0.167,5,-9.725,1,0.0935,0.792,0.0,0.353,0.558,57.191,negative,low
2loB2luVtvPmExCpFwFijs,VCR Kid,Oliver Anthony Music,[],70,1686182400.0,198911,0,62,0.673,0.102,2,-13.196,1,0.0628,0.904,0.0,0.136,0.344,100.851,negative,low
55a01VsdKH2OeSXLGy9wd5,Jack and Diet Coke,Redferrin,['modern country pop'],47,1687478400.0,193399,0,66,0.674,0.561,4,-6.457,0,0.0274,0.487,0.0,0.116,0.383,138.02,negative,low
22VHOlVYBqytsrAqV8yXBK,Dial Drunk (with Post Malone),Noah Kahan,['pov: indie'],80,1689638400.0,213817,1,87,0.667,0.613,8,-7.147,1,0.0313,0.121,0.0,0.113,0.681,112.046,negative,high
6XEt23sq6sRgER8sSZbCR5,Johnny Dang (with Paul Wall & DRODi),That Mexican OT,['texas latin rap'],70,1690502400.0,192000,1,72,0.97,0.663,10,-5.276,0,0.161,0.425,0.0,0.11,0.735,119.986,neutral,low
3SRtygyWBQnoxuOPtdBPm2,De Selby (Part 2),Hozier,"['irish singer-songwriter', 'modern rock', 'pop', 'pov: indie']",80,1692316800.0,227826,0,70,0.598,0.861,6,-5.351,0,0.0604,0.0814,0.000652,0.185,0.644,161.956,neutral,low
5SGWCqheDXPlYnv9aQs795,Cowboy Killer,That Mexican OT,['texas latin rap'],70,1690502400.0,142205,1,71,0.839,0.581,5,-5.998,0,0.132,0.342,0.0,0.0764,0.559,119.979,neutral,low
7AtQxohgEu5dRYdcY4gB6G,First Day Out (Freestyle),Rundown Spaz,['rva drill'],51,1679270400.0,142739,1,71,0.874,0.202,1,-16.814,1,0.798,0.0728,0.0,0.14,0.3,134.989,positive,low
71BWZa1liIRyUiuJ3MB66o,I Know You,Faye Webster,"['atlanta indie', 'indie pop']",69,1494547200.0,251666,0,83,0.454,0.385,10,-12.849,1,0.0313,0.287,9.97e-05,0.0616,0.144,154.918,neutral,low
1558CwDaXSZiCplq9AaH0q,It Is What It Is,Jenna Raine,"['alt z', 'singer-songwriter pop']",57,1689897600.0,146769,0,74,0.813,0.657,7,-6.572,1,0.0665,0.26,0.0,0.0671,0.805,95.969,negative,low
0dWSN9JS8vAcnM8a6lxIrB,No Es Mentira (Version Norteña),Los Primos del Este,"['corrido', 'corridos tumbados', 'sad sierreno', 'sierreno']",52,1685664000.0,200061,0,71,0.813,0.731,4,-6.654,0,0.0624,0.422,8.69e-05,0.139,0.783,115.043,negative,low
187zHzb6JDM4YDSFNGkQ9u,LANCEY OR LANCEY,Lancey Foux,['rage rap'],59,1666915200.0,187893,1,73,0.456,0.571,1,-4.431,1,0.185,0.0354,0.0,0.148,0.121,159.929,neutral,low
7icwQvajsokotDfM3tefW6,SkeeYee,Sexyy Red,['trap queen'],66,1686268800.0,157125,1,77,0.739,0.536,1,-10.843,1,0.308,0.231,0.0,0.35,0.64,82.549,neutral,low
12usPU2WnqgCHAW1EK2dfd,青のすみか,Tatsuya Kitani,['japanese electropop'],66,1688688000.0,196466,0,84,0.479,0.898,1,-4.809,1,0.169,0.0134,0.0,0.297,0.639,151.99,negative,low
3vvNycHphIEXaIdOB4wIbZ,RAHHHH,alt!,[],52,1666483200.0,60945,1,72,0.476,0.869,1,-2.732,1,0.121,0.00107,0.0,0.649,0.672,159.966,negative,low
56v8WEnGzLByGsDAXDiv4d,ETA,NewJeans,"['k-pop', 'k-pop girl group']",84,1689897600.0,151373,0,89,0.812,0.749,10,-6.389,0,0.0397,0.108,0.0,0.0599,0.841,134.971,negative,low
1mFpMoeZfkIqtqW2AfQ8ba,THE GIRLS - BLACKPINK THE GAME OST,BLACKPINK,"['k-pop', 'k-pop girl group', 'pop']",82,1692921600.0,162000,0,70,0.715,0.738,2,-4.42,1,0.0577,0.00199,0.0,0.208,0.36,160.07,negative,medium
3OgdnA3LYpJ6vxrfk6X3p4,Alright,Victoria Monét,['alternative r&b'],66,1692921600.0,173913,1,60,0.788,0.528,11,-6.688,1,0.0729,0.279,0.00257,0.103,0.464,107.941,neutral,low
4RoKNqyZ9622tcAeNPNv5k,City Boys,Burna Boy,"['afrobeats', 'dancehall', 'nigerian hip hop', 'nigerian pop']",78,1692835200.0,153346,1,64,0.808,0.634,2,-6.764,0,0.172,0.0851,0.0,0.127,0.569,100.03,neutral,low
6ffrYPrHM70FScnrtHIcPh,Moment Of Your Life,Brent Faiyaz,"['r&b', 'rap']",80,1692748800.0,195000,1,65,0.762,0.48,10,-6.595,0,0.0471,0.611,0.0,0.0907,0.598,127.95,negative,low
3b5MPNYlX8ztJowxAwzTai,Winner,Conan Gray,"['bedroom pop', 'pop', 'pov: indie']",77,1692921600.0,217209,0,68,0.425,0.51,0,-4.838,1,0.0291,0.118,0.0,0.342,0.159,139.972,negative,low
1llzRvV9QpuNHjPu0rVQSp,There I Go (feat. J. Cole & Mike WiLL Made-It),Gucci Mane,"['atl hip hop', 'dirty south rap', 'hip hop', 'pop rap', 'rap', 'southern hip hop', 'trap']",75,1692921600.0,172375,1,65,0.852,0.735,5,-3.6,1,0.161,0.00209,0.0,0.103,0.572,90.505,negative,low
4NQfLaqLd1Fms4UTkkTj7J,TESLA,Lil Yachty,"['atl hip hop', 'melodic rap', 'rap', 'trap']",75,1692921600.0,164742,1,57,0.672,0.538,2,-6.569,1,0.103,0.00998,0.000461,0.441,0.0663,134.838,negative,low
6gs5VDiNpbBfXHsAj2c9SB,Fade Out (with MKLA),John Summit,"['house', 'pop dance', 'tech house', 'uk dance']",66,1692921600.0,230909,0,57,0.528,0.962,8,-5.304,1,0.0514,0.0319,0.0485,0.48,0.092,131.976,negative,low
4ajAhp58D3zWqtpGJFG2NB,Trofeo,Maluma,"['latin pop', 'reggaeton', 'reggaeton colombiano', 'trap latino', 'urbano latino']",82,1692835200.0,222333,1,63,0.82,0.903,0,-3.433,0,0.0712,0.149,1.99e-05,0.19,0.53,100.012,negative,low
3x43Q2uKL0Zwekouxc2p8l,Wish U Well - Extended,French Montana,"['hip hop', 'pop rap', 'rap', 'southern hip hop', 'trap']",72,1692921600.0,208913,1,48,0.764,0.72,7,-5.602,0,0.0742,0.169,0.00313,0.095,0.473,107.994,negative,low
73LBcJygFdRAiJfWkpnf2G,Meridian,Dave,['uk hip hop'],80,1692835200.0,255160,1,68,0.91,0.574,4,-5.952,0,0.0957,0.232,0.000128,0.323,0.587,115.025,negative,low
7BWN70acf9J6f37SCNNCCQ,Ice Slippin,Omar Apollo,"['bedroom pop', 'bedroom soul']",67,1692921600.0,255920,1,57,0.624,0.463,0,-8.744,1,0.0378,0.667,0.016,0.136,0.144,151.978,negative,low
0Ikbwd2FModLCQrZGJlRUI,27 Club,Morgan Wade,['modern country pop'],56,1692921600.0,223333,1,50,0.481,0.332,11,-13.699,1,0.0464,0.291,1.17e-05,0.119,0.283,73.618,neutral,low
6jYo2opycXJs1wj2jENEiq,Daddy’s a Psycho,Charlotte Cardin,"['canadian pop', 'indie quebecois']",61,1692921600.0,259167,1,50,0.717,0.455,10,-5.722,1,0.0327,0.193,9.69e-05,0.087,0.484,90.999,neutral,low
768tjNAwyH3nIFee5BIdcl,California and Me,Laufey,['gen z singer-songwriter'],76,1692835200.0,216306,0,63,0.319,0.285,4,-11.803,1,0.0352,0.975,0.00139,0.103,0.234,76.827,negative,low
4inoOfvjCBQrJKdVwfJjlT,Heaven,Mitski,"['brooklyn indie', 'pov: indie']",76,1692748800.0,224333,0,62,0.232,0.297,2,-11.841,1,0.0302,0.873,0.241,0.115,0.309,108.228,negative,low
4kxWObbqqWeazNTK5ESCxg,Quiet Storm,Sid Sriram,['filmi'],75,1692921600.0,340773,0,42,0.323,0.629,3,-6.423,0,0.0712,0.807,0.000407,0.118,0.265,97.114,neutral,medium
7CqIleB7ogeQFT00U8MuD1,ZOOMIES,Jordan Ward,"['chill abstract hip hop', 'indie hip hop', 'indie r&b']",58,1692921600.0,129173,1,44,0.911,0.489,10,-6.755,0,0.104,0.194,0.000179,0.226,0.928,113.023,neutral,low
141y1FjVBV5IY7Mlvw5poL,Cheat On Me (feat. Dave),Burna Boy,"['afrobeats', 'dancehall', 'nigerian hip hop', 'nigerian pop']",78,1692662400.0,222640,1,68,0.734,0.648,4,-5.509,1,0.173,0.124,0.0,0.215,0.672,97.984,negative,low
5h6eWFlGK7NVcliVsmsV4L,PARTy T1M3,Tyga,"['hip hop', 'pop rap', 'rap', 'trap']",78,1692921600.0,155912,1,54,0.816,0.693,11,-7.843,0,0.307,0.0968,0.0,0.355,0.38,136.898,negative,low
0DEjFljgDbPjkm5460EJnA,Face Down,City Girls,"['scam rap', 'trap queen']",64,1692921600.0,127058,1,54,0.882,0.669,1,-4.449,1,0.157,0.0102,0.0,0.112,0.275,101.989,negative,low
3rHmxbNUs7TRTu1Bc2a1BC,No Amiris,Peezy,"['detroit hip hop', 'detroit trap']",56,1692921600.0,146623,1,49,0.777,0.789,1,-3.953,1,0.0593,0.139,6.19e-06,0.104,0.304,117.966,negative,low
1kCXmKWlfc9tZIp3Thumkl,No Way Jose,Yung Gravy,"['meme rap', 'minnesota hip hop']",68,1692921600.0,169073,1,56,0.831,0.727,9,-6.698,1,0.137,0.124,0.000797,0.181,0.607,93.009,neutral,low
55owCz7823hXvvTm3apoZ9,Dying Star (feat. Ethel Cain),Ashnikko,"['alt z', 'escape room']",68,1692921600.0,255875,0,56,0.363,0.277,4,-8.287,0,0.0329,0.479,0.0,0.0893,0.0961,179.854,neutral,low
2NNq2V3PD8u55LqGs8ImU1,Hated,YUNGBLUD,"['british indie rock', 'modern rock', 'pov: indie', 'rock']",67,1692835200.0,189533,1,58,0.752,0.754,1,-5.225,0,0.0928,0.052,0.0,0.0742,0.866,95.979,negative,medium
2yxobiDeGo30ftKwde2d5F,Forever,Charlotte Day Wilson,"['alternative r&b', 'canadian contemporary r&b', 'indie soul']",56,1692662400.0,196006,0,52,0.563,0.367,6,-10.258,1,0.0971,0.608,0.00148,0.13,0.373,89.986,negative,low
5qteRK6fo4KC2DbJOP5uW6,Hold On To It,Tim McGraw,"['contemporary country', 'country', 'country road']",70,1692921600.0,191826,0,53,0.442,0.909,5,-5.641,1,0.0649,0.333,0.0247,0.213,0.738,185.409,neutral,high
3ItJaK3oSkvCE4QiLkaxbi,leave me for dead,GAYLE,['modern alternative pop'],65,1692921600.0,176399,1,50,0.707,0.678,2,-4.87,1,0.0728,0.0222,0.0,0.319,0.543,130.054,negative,medium
3WjHjGe1WIL7SOk1BGlXX4,Body Count,Jason Derulo,"['dance pop', 'pop']",77,1692835200.0,176539,0,57,0.89,0.524,1,-4.214,0,0.0745,0.00923,0.0,0.0922,0.838,115.964,negative,low
4B03LwLa4nuiktvLCN3KHN,Self destruct,BETWEEN FRIENDS,"['indie pop', 'la pop', 'pov: indie']",55,1692921600.0,173800,0,46,0.399,0.505,9,-4.557,1,0.062,0.58,0.0,0.386,0.357,174.523,positive,medium
69RiJ3z34tsKkRjeVSjdvL,enknee1,hemlocke springs,[],48,1692576000.0,224210,0,49,0.532,0.89,4,-5.4,1,0.0658,0.133,0.00193,0.146,0.677,151.975,negative,low
4mMviz9DJKLPyfhxpQIBcW,Sidelines,Toro y Moi,"['chillwave', 'hypnagogic pop', 'indie soul', 'indietronica']",59,1692921600.0,205546,0,49,0.649,0.281,1,-10.309,0,0.0339,0.381,0.000277,0.11,0.262,129.138,negative,low
2syH39iwALerO994Pod9dB,We Should Get Married,Dan + Shay,"['contemporary country', 'country', 'country road']",71,1692921600.0,221226,0,52,0.428,0.787,11,-4.44,1,0.0696,0.0195,0.0,0.476,0.564,180.008,positive,low
28Irf1qUrZ3Dbw9rXmXxHN,Care (feat. Bakar),Yeek,"['hyperpop', 'indie hip hop']",49,1692921600.0,152058,1,41,0.627,0.914,5,-4.488,1,0.176,0.0603,0.0,0.124,0.614,119.966,neutral,low
3R3HY6mOyGwxJ4dxGgg0Do,Ojos Azules,Blessd,"['reggaeton', 'urbano latino']",73,1692835200.0,188571,1,64,0.904,0.814,2,-4.39,0,0.181,0.344,0.000117,0.0981,0.803,98.004,negative,low
2eROz9rnZZAX3xAcN2fhNP,Moonlit Breakers (feat. Dijon),Paul Dally,[],26,1692748800.0,234681,0,44,0.739,0.549,4,-8.52,1,0.0483,0.231,0.000455,0.309,0.562,97.017,negative,low
0wXFG6Mp60kQn4MA5DdBrw,Matchbox,Ashley Kutcher,"['alt z', 'gen z singer-songwriter']",53,1692921600.0,211310,0,45,0.527,0.335,11,-9.231,1,0.0403,0.826,0.0,0.127,0.505,110.06,negative,low
2LCd6P35jFyZ9SN37o9D2q,Drinkin',Joel Corry,"['dance pop', 'pop dance', 'uk dance']",73,1692921600.0,149545,0,60,0.716,0.963,0,-3.097,0,0.0931,0.0344,0.0,0.292,0.707,124.97,negative,low
0X1KsfG08N1K8brMqGXEXv,One with the Wolves,Robin Schulz,"['deep euro house', 'deep house', 'edm', 'german dance', 'pop dance', 'tropical house']",76,1692921600.0,180213,0,58,0.585,0.826,2,-7.933,1,0.0744,0.00867,0.0116,0.292,0.21,128.017,negative,low
7JpclywOpe1Vthr9TPdkj2,Skipping Like A Stone (feat. Beck),The Chemical Brothers,"['alternative dance', 'big beat', 'breakbeat', 'electronica', 'rave', 'trip hop']",60,1692576000.0,283093,0,54,0.456,0.788,5,-7.039,1,0.0545,0.0725,0.0021,0.0772,0.229,128.029,negative,low
3UCyLYeUJUrt7aE1yzqjqf,Coastin' (with Alemán),Cuco,"['bedroom pop', 'dream pop']",67,1692921600.0,244992,0,51,0.637,0.684,1,-6.155,1,0.04,0.0715,1.78e-05,0.0863,0.505,137.985,negative,low
7FVSpM0idOhw4etUpkPf8d,Definition of Love,Naomi Sharon,"['dutch r&b', 'indie r&b']",39,1692921600.0,195833,0,43,0.599,0.424,10,-7.833,0,0.0666,0.723,0.00282,0.107,0.0881,107.918,positive,medium
5L2zGgJi9BlL3CjVF4KL7W,Sentry (feat. MIKE),Earl Sweatshirt,"['drumless hip hop', 'experimental hip hop', 'hip hop', 'rap', 'underground hip hop']",66,1692921600.0,141186,1,55,0.47,0.5,2,-9.508,1,0.197,0.777,0.0,0.23,0.548,57.161,negative,low
6LlqdoSjvt0ANFOTIX5cn5,Rapper of the Year,Luh Tyler,['florida drill'],62,1692921600.0,129832,1,45,0.752,0.501,1,-7.328,1,0.247,0.0511,0.0,0.122,0.363,81.982,negative,low
5QzEl5meby6CHMwERcZEHV,Let Go,Asking Alexandria,"['alternative metal', 'melodic metalcore', 'metalcore', 'pop punk', 'post-grunge', 'trancecore', 'uk metalcore']",64,1692921600.0,253486,0,54,0.496,0.873,2,-4.938,0,0.0445,0.0017,0.0,0.178,0.194,131.966,neutral,low
4WVJeRP6hjMMBkmWsV4TtF,Make It Out Alive,ONE OK ROCK,"['j-pop', 'j-rock', 'japanese emo']",68,1692835200.0,209799,0,60,0.495,0.936,1,-2.477,0,0.0717,1.02e-05,0.000193,0.0909,0.398,137.047,positive,medium
0p2GhuTjC2j75hvOvqEaai,Blue Eyes,VIC MENSA,"['canadian hip hop', 'chicago rap', 'conscious hip hop', 'underground hip hop']",56,1692921600.0,175483,0,43,0.591,0.714,6,-6.585,1,0.183,0.366,0.0,0.127,0.388,92.805,negative,low
1na4kP9vFyaXHq8ZOGOC16,What Doesn't Kill You Makes You Paranoid,The Beaches,['toronto indie'],56,1692921600.0,231518,1,47,0.42,0.732,4,-4.853,1,0.0374,0.00398,0.0,0.356,0.627,57.966,negative,low
4XDcZALxM9M91BiUeaWCdq,Kindness For Weakness,Digga D,"['aussie drill', 'london rap', 'melodic drill', 'uk hip hop']",63,1692921600.0,160000,1,48,0.68,0.6,5,-8.796,0,0.385,0.384,0.0,0.111,0.425,102.776,neutral,low
7xZSy1YRvAbhkKVDMJWI1W,Victorious,Yung Lean,"['cloud rap', 'psychedelic hip hop', 'underground hip hop']",67,1692921600.0,144657,1,53,0.858,0.523,2,-9.003,1,0.203,0.896,0.0,0.0959,0.526,90.012,negative,low
1tYTIFvg7nCrVnmiK88yOr,Let Go,Connor Price,['singer-songwriter pop'],70,1692748800.0,156306,0,55,0.762,0.653,10,-7.184,1,0.0511,0.164,0.0,0.0956,0.922,176.125,negative,low
39MUpuBCpv7MkfBLKcNqV1,Never Liked Your Name,Brooke Alexx,"['alt z', 'singer-songwriter pop']",47,1692835200.0,140000,0,41,0.631,0.903,9,-4.089,1,0.103,0.00396,0.0869,0.0543,0.67,147.897,negative,medium
2oPZ5C25DHuF4il15vFI3J,Tantrum,Madeline The Person,['gen z singer-songwriter'],48,1692921600.0,151710,1,43,0.819,0.415,9,-7.75,1,0.038,0.273,0.0,0.103,0.353,110.984,negative,low
3cbxDXAReyXQj8Ri5cAh5e,Do or Die,Natalie Jane,['singer-songwriter pop'],61,1692921600.0,150314,0,57,0.446,0.696,7,-5.755,1,0.058,0.0375,0.0,0.112,0.301,181.887,negative,low
6KHznvkaHF4g5oZDYCBU8c,Cruise Control,Jenna Raine,"['alt z', 'singer-songwriter pop']",57,1692921600.0,202480,0,42,0.652,0.779,5,-5.673,1,0.0319,0.0488,0.0,0.243,0.649,133.963,negative,low
0Zt4KxjqHYswmQvjpnpiPe,A Cat in the Rain,Turnpike Troubadours,"['modern southern rock', 'red dirt']",62,1692921600.0,317226,0,53,0.609,0.592,7,-7.868,1,0.0271,0.224,1.08e-06,0.104,0.671,129.974,neutral,low
585LHTE4ugzJoCqk6bmkjV,Third Day (feat. Ty Brasel),Derek Minor,"['christian hip hop', 'christian trap']",44,1692921600.0,189960,0,38,0.643,0.694,0,-5.835,0,0.125,0.0278,0.0,0.734,0.494,76.977,positive,medium
43AkwjzRPBKbFrGM7Rn9JF,More,Chxrry22,[],32,1692576000.0,196399,1,39,0.518,0.667,11,-6.586,0,0.234,0.123,7.78e-06,0.102,0.387,138.851,positive,medium
33ivIh56dnTsz0kgQmLowp,Stand By Me,Fridayy,[],61,1692921600.0,183705,0,42,0.625,0.33,6,-9.091,1,0.0319,0.569,0.0,0.117,0.451,104.739,neutral,low
60cnpF1CzUx286QwoPFwqv,All White,Tai Verdes,"['modern indie pop', 'singer-songwriter pop']",64,1692921600.0,222946,1,48,0.714,0.456,11,-11.28,0,0.0702,0.382,7.75e-05,0.186,0.83,159.993,negative,low
72Y7oxX8vyMkDvdU6rr5Nt,Try Love,Kirk Franklin,"['gospel', 'gospel r&b']",60,1692921600.0,272593,0,41,0.578,0.527,2,-9.56,1,0.262,0.115,0.0,0.74,0.343,78.115,positive,medium
5qxXv3JWNTTliODO4LZ0V4,Cowboy Don’t,BRELAND,"['black americana', 'modern country pop']",57,1692921600.0,162885,0,45,0.565,0.946,10,-2.345,1,0.0359,0.0065,0.0,0.136,0.804,155.995,negative,low
2LflS98n1TRQb0Fcj1910h,More Than a Love Song,Black Pumas,['retro soul'],57,1692662400.0,287000,0,46,0.532,0.784,7,-4.222,0,0.255,0.153,3.33e-05,0.121,0.523,94.022,positive,medium
6FxxGoSCC9UaX8loeVwrcs,POPTHATRUNK,1nonly,['aesthetic rap'],69,1692921600.0,133333,1,54,0.73,0.782,10,-3.884,0,0.05,0.0766,0.0338,0.106,0.593,180.068,negative,low
1ZdDr1zM46JxFu2ugQc1mE,Jaded,Spiritbox,"['canadian metalcore', 'melodic metalcore']",58,1692921600.0,262631,0,56,0.387,0.948,11,-4.053,1,0.102,8.37e-05,0.0192,0.0878,0.165,85.502,negative,low
7KjY1Xr1vXsAgolo63F0sV,Off A Cliff (With Reo Cragun),Darci,['dark r&b'],62,1692921600.0,173752,1,44,0.672,0.619,4,-5.149,0,0.0386,0.0252,0.000818,0.2,0.349,129.998,neutral,low
5AWGyFvWNof3Knq7QrN3jD,Diamonds On My Mind,Eli Brown,"['house', 'tech house', 'uk dance']",58,1692921600.0,168529,1,49,0.743,0.851,2,-5.457,1,0.195,0.0121,0.00382,0.0604,0.745,135.969,negative,low
5Ir9mqfAUnXkSkXHF1yvM0,Jealous,Mochakk,[],53,1692921600.0,256406,0,48,0.715,0.852,1,-6.001,1,0.057,0.00321,0.834,0.0412,0.45,127.996,negative,low
5u5lUvwZiPBHqVSJuXpxjd,Lost When I'm Around You,Sans Soucis,[],37,1692748800.0,174000,0,36,0.684,0.56,2,-7.46,1,0.145,0.416,6.48e-06,0.113,0.661,90.406,negative,low
3UMd720nAaOxPp4HGpq3Ys,The Wondering,Hiss Golden Messenger,"['alternative country', 'indie folk', 'modern folk rock', 'new americana', 'north carolina indie', 'north carolina roots', 'stomp and holler']",46,1692921600.0,236653,0,40,0.691,0.586,10,-11.027,1,0.0346,0.718,0.00154,0.15,0.421,128.059,positive,medium
4cT18W9YXAJEVfc7sNJvRe,Broadview,Slow Pulp,"['bubblegrunge', 'chicago indie', 'countrygaze', 'nu gaze']",54,1692662400.0,245466,0,46,0.619,0.523,8,-6.387,1,0.0274,0.391,0.0286,0.105,0.561,124.952,negative,low
7mamMoh4j7RUpYrT7IvRov,Echo In The Chamber,Say She She,[],43,1692835200.0,200453,0,37,0.532,0.547,6,-7.198,0,0.1,0.496,8.42e-05,0.106,0.861,201.597,negative,low
6oyDy1XJfGKBjvwdQMWpOX,Didn't Know You Then,Buck Meek,['small room'],45,1692921600.0,253792,0,40,0.623,0.752,6,-5.806,1,0.0307,0.151,0.0941,0.0959,0.511,112.293,neutral,low
37hpqDnpVrfRcJYab1XWFc,Celebrity Lookalikes,slimdan,[],30,1692748800.0,212458,0,46,0.642,0.309,3,-11.813,1,0.0294,0.814,0.0315,0.106,0.341,77.543,negative,low
3rmTtAIJydBOPohvykKubn,Pet Rock,L'Rain,['collage pop'],27,1692748800.0,165413,0,36,0.185,0.733,4,-6.935,1,0.0485,0.0214,0.692,0.43,0.573,171.817,negative,low
1v1bVyUOVYDpXRIcAJ24iQ,Let Your Boys Be Country,Jason Aldean,"['contemporary country', 'country', 'country road', 'modern country rock']",74,1692921600.0,196026,0,54,0.379,0.742,5,-4.062,1,0.0313,0.343,1.08e-05,0.0932,0.585,178.76,negative,low
2AgY4zzIHAZDuswSO7SKxX,Shotgun Rider,Patrick Droney,['nashville singer-songwriter'],52,1692921600.0,234329,0,44,0.61,0.79,7,-5.975,1,0.032,0.00115,0.0112,0.233,0.312,115.027,neutral,low
2g5LoRqCf0dDycdXbT8Pfi,bandages,Lexi Jayde,['alt z'],54,1692748800.0,154431,0,47,0.688,0.671,11,-4.479,1,0.0241,0.0296,0.0,0.16,0.492,94.959,negative,low
733iVnKNVFGJIQoUEAVqjm,Hanging On,A R I Z O N A,"['electropop', 'indie poptimism']",57,1692921600.0,192276,0,50,0.779,0.617,5,-6.678,1,0.0292,0.0201,8.4e-05,0.0731,0.339,106.978,negative,low
2yv7z2i0N0ItdmOHgxTPtW,Figure You Out,Frawley,"['alt z', 'singer-songwriter pop']",51,1692921600.0,209398,1,39,0.741,0.685,1,-4.385,0,0.115,0.0428,2.69e-05,0.0694,0.659,135.947,negative,low
4IwY9Z2Ero2zz0Ajl5O2GZ,Murda Twins,Rundown Spaz,['rva drill'],51,1692921600.0,146857,1,34,0.599,0.548,4,-8.902,0,0.344,0.196,0.0,0.114,0.214,170.013,negative,low
3UiZ39DYOKbmmuIlqsTxU5,Uh Uh,Sauce Walka,"['houston rap', 'memphis hip hop', 'trap']",53,1692921600.0,146686,1,39,0.646,0.633,11,-9.372,1,0.0902,0.00236,0.000207,0.0991,0.294,102.259,neutral,low
3HI8Suc5LWcJMzbiJN1e5u,locket,AUDREY NUNA,"['alternative r&b', 'modern indie pop']",47,1692835200.0,104850,1,42,0.916,0.59,7,-4.661,1,0.234,0.00369,0.0,0.0712,0.817,143.927,negative,low
3iqgkgmBIMT1fwLVpJuvzv,JEANS,Carver Jones,[],11,1692921600.0,143448,1,31,0.816,0.55,1,-7.219,1,0.363,0.644,1.85e-05,0.079,0.907,173.954,negative,low
5pkCK8nUi4yxwNIVi03FIm,Marabelle,Anish Kumar,[],40,1692921600.0,252208,0,37,0.767,0.689,8,-7.417,0,0.036,0.0395,0.851,0.454,0.684,122.99,neutral,low
3tK8BJnr6bThZ3iBQwTtci,Falling For You,Gareth Donkin,[],39,1692921600.0,185454,0,33,0.713,0.611,11,-6.787,0,0.099,0.187,0.0,0.308,0.755,117.993,positive,high
1xgieOt8rdDEdVIyjWOkGy,Boyfriend Jeans,Kyle Dion,['alternative r&b'],44,1692921600.0,170360,0,38,0.762,0.553,7,-5.3,1,0.0865,0.536,8.39e-05,0.125,0.799,82.497,negative,low
7x3qP9JdpxFNLlg1WmUln1,SHYPOP,ISOxo,[],43,1692921600.0,208941,0,42,0.569,0.94,0,-1.824,0,0.183,0.00313,0.571,0.721,0.3,170.061,negative,low
17wZ58uIxULAVELzhEURni,Flatline (feat. Kenny Mason),TOBi,"['canadian contemporary r&b', 'canadian hip hop', 'indie hip hop']",44,1692835200.0,240080,1,44,0.872,0.93,8,-4.666,1,0.186,0.0873,0.00113,0.126,0.866,88.476,negative,low
0j5YzEgl3PSHBRhaagkjpY,Yondu,Ben Reilly,[],46,1692748800.0,127369,1,36,0.933,0.66,11,-4.652,0,0.0597,0.269,0.0,0.137,0.821,106.023,negative,low
4AYQzjTMJTyQj6Rfh7A0Yx,U4EA,Casper Sage,[],35,1692921600.0,181458,0,34,0.353,0.895,1,-9.857,1,0.135,0.003,0.000116,0.535,0.497,174.621,negative,low
6DLYYSwlzBms2L4Dqc3gEV,Modern Vanity,The Armed,[],40,1692921600.0,228854,0,39,0.374,0.777,5,-3.957,0,0.0874,6.07e-06,0.0598,0.111,0.224,106.508,positive,medium
